"Dato","Koretojer i alt","Personbiler i alt","Personbiler i alt, sosonkorrigeret","Personbiler i husholdningerne","Personbiler i husholdningerne, saesonkorrigeret","Personbiler i erhverv","Personbiler i erhvervene, saesonkorrigeret","Busser i alt","Vare- og lastbiler i alt","Varebiler, totalvaegt 0-2.000 kg","Varebiler, totalvaegt 2.001-3.000 kg","Varebiler, totalvaegt 3.001-3.500 kg","Lastbiler, totalvaegt over 3.500 kg","Motorcykler i alt","Knallert-30 i alt","Knallert-45 i alt","Campingvogne i alt"
"1992M01",9717,7147,..,4282,..,2527,..,58,2317,351,1390,247,329,21,..,..,174
"1992M02",9600,7314,..,4841,..,2228,..,67,1899,274,1137,192,296,44,..,..,276
"1992M03",13016,9897,..,6816,..,2779,..,180,2285,265,1252,231,537,178,..,..,476
"1992M04",12357,9717,..,6841,..,2558,..,115,1749,226,1092,238,193,211,..,..,565
"1992M05",11200,8701,..,5612,..,2775,..,164,1728,223,1034,234,237,210,..,..,397
"1992M06",10537,7654,..,5209,..,2218,..,176,2042,307,1176,251,308,187,..,..,478
"1992M07",8847,6763,..,4467,..,2121,..,124,1445,230,813,162,240,139,..,..,376
"1992M08",8145,6228,..,4301,..,1747,..,89,1434,203,842,189,200,101,..,..,293
"1992M09",9404,7077,..,4798,..,2090,..,147,1925,275,1170,223,257,51,..,..,204
"1992M10",8361,6177,..,4279,..,1710,..,158,1880,247,1089,243,301,31,..,..,115
"1992M11",6173,4334,..,2852,..,1337,..,136,1567,239,897,177,254,21,..,..,115
"1992M12",5595,3509,..,1954,..,1383,..,141,1886,265,1102,258,261,14,..,..,45
"1993M01",7541,5600,..,3107,..,1834,..,123,1681,259,975,218,229,18,..,..,119
"1993M02",6980,4913,..,2993,..,1471,..,117,1675,241,1020,183,231,36,..,..,239
"1993M03",10556,7823,..,5014,..,2199,..,135,1893,324,1091,213,265,196,..,..,509
"1993M04",10978,8750,..,5668,..,2399,..,153,1434,218,806,187,223,239,..,..,402
"1993M05",10763,7518,..,4716,..,2175,..,380,2288,254,1696,185,153,207,..,..,370
"1993M06",10144,7277,..,4915,..,1917,..,170,2060,253,1309,249,249,199,..,..,438
"1993M07",9165,6783,..,4693,..,1695,..,151,1497,152,966,213,166,366,..,..,368
"1993M08",8891,6627,..,4566,..,1660,..,113,1655,191,1092,207,165,173,..,..,323
"1993M09",8735,6672,..,4648,..,1576,..,101,1664,203,1049,203,209,109,..,..,189
"1993M10",9060,7083,..,4976,..,1552,..,166,1656,224,985,289,158,60,..,..,95
"1993M11",9241,6794,..,4399,..,1822,..,238,2094,251,1115,563,165,35,..,..,80
"1993M12",8981,6244,..,3032,..,2290,..,286,2373,349,1204,525,295,24,..,..,54
"1994M01",9562,7567,..,5484,..,1720,..,176,1640,324,799,312,205,45,..,..,134
"1994M02",11257,9337,..,6146,..,2780,..,141,1455,262,531,478,184,64,..,..,260
"1994M03",18105,14958,..,11535,..,2849,..,180,1968,323,555,787,303,366,..,..,633
"1994M04",15566,12770,..,9849,..,2494,..,112,1801,305,373,849,274,368,..,..,515
"1994M05",16456,13358,..,10161,..,2716,..,65,2232,388,479,1013,352,299,..,..,502
"1994M06",19237,16136,..,12272,..,3228,..,81,2254,370,576,911,397,259,..,..,507
"1994M07",13327,11271,..,8804,..,1993,..,62,1445,203,361,627,254,244,..,..,305
"1994M08",12894,10692,..,8134,..,2163,..,49,1678,261,337,805,275,167,..,..,308
"1994M09",13998,11476,..,8625,..,2346,..,41,2206,293,637,952,324,85,..,..,190
"1994M10",13604,11434,..,8618,..,2302,..,43,1944,272,416,963,293,58,..,..,125
"1994M11",13175,10549,..,7728,..,2239,..,82,2378,338,471,1248,321,33,..,..,133
"1994M12",12398,9446,..,4978,..,3612,..,76,2808,457,508,1480,363,26,..,..,42
"1995M01",12419,9731,..,7132,..,2197,..,47,2438,345,444,1264,385,34,..,..,169
"1995M02",14599,12202,..,8374,..,3146,..,32,1979,283,336,1065,295,63,..,..,323
"1995M03",19875,15926,..,11997,..,3373,..,45,2842,369,450,1517,506,336,..,..,726
"1995M04",16064,12818,..,9643,..,2651,..,49,2281,320,382,1182,397,355,..,..,561
"1995M05",16678,12932,..,9694,..,2681,..,65,2721,386,434,1428,473,406,..,..,554
"1995M06",17174,13154,..,9908,..,2711,..,53,3030,359,511,1629,531,378,..,..,559
"1995M07",12310,9840,..,7587,..,1876,..,32,1803,256,315,908,324,260,..,..,375
"1995M08",12770,9702,..,7293,..,2005,..,25,2418,281,410,1303,424,227,..,..,398
"1995M09",13221,10191,..,7679,..,2035,..,58,2593,290,416,1446,441,111,..,..,268
"1995M10",13185,10569,..,7907,..,2185,..,36,2348,320,404,1157,467,51,..,..,181
"1995M11",13100,10186,..,6692,..,3004,..,62,2683,316,332,1594,441,28,..,..,141
"1995M12",11773,8461,..,3822,..,3851,..,76,3184,386,494,1865,439,14,..,..,38
"1996M01",11932,9214,..,7052,..,1785,..,60,2431,309,363,1283,476,23,..,..,204
"1996M02",12846,10521,..,7392,..,2722,..,72,1901,235,318,1005,343,46,..,..,306
"1996M03",20783,16487,..,12989,..,2972,..,54,2923,323,405,1644,551,425,..,..,894
"1996M04",18543,14734,..,11530,..,2690,..,56,2507,322,356,1325,504,573,..,..,673
"1996M05",19704,15441,..,11625,..,3271,..,143,2839,334,431,1634,440,633,..,..,648
"1996M06",17013,12957,..,9632,..,2877,..,82,2921,320,565,1579,457,471,..,..,582
"1996M07",13948,11058,..,8519,..,2189,..,75,2119,262,464,1069,324,274,..,..,422
"1996M08",13461,10382,..,7784,..,2201,..,90,2396,271,422,1295,408,226,..,..,367
"1996M09",13049,9831,..,7081,..,2349,..,43,2769,303,521,1491,454,156,..,..,250
"1996M10",14887,12073,..,9101,..,2557,..,57,2509,325,439,1396,349,90,..,..,158
"1996M11",13405,10535,..,7708,..,2380,..,52,2629,320,473,1488,348,59,..,..,130
"1996M12",12287,8693,..,4756,..,3310,..,94,3420,496,604,1950,370,22,..,..,58
"1997M01",13196,10167,..,7809,..,2048,..,39,2758,331,577,1387,463,40,..,..,192
"1997M02",15412,12494,..,9044,..,3123,..,30,2410,317,487,1281,325,102,..,..,376
"1997M03",20779,16638,..,13235,..,3045,..,41,2641,326,509,1349,457,653,..,..,806
"1997M04",19905,15459,..,12207,..,2858,..,66,3082,361,579,1582,560,593,..,..,705
"1997M05",35848,29700,..,21645,..,7225,..,60,4923,563,840,3048,472,595,..,..,570
"1997M06",11634,8111,..,5632,..,2230,..,60,2423,178,441,1343,461,434,..,..,606
"1997M07",11303,8244,..,6133,..,1873,..,52,2209,190,548,1102,369,342,..,..,456
"1997M08",12419,9450,..,6964,..,2212,..,40,2309,168,624,1125,392,231,..,..,389
"1997M09",13634,10296,..,7849,..,2150,..,109,2848,172,820,1391,465,123,..,..,258
"1997M10",15019,11887,..,8843,..,2698,..,55,2809,246,937,1195,431,79,..,..,189
"1997M11",13218,10491,..,7295,..,2854,..,44,2516,196,953,1000,367,31,..,..,136
"1997M12",13667,9670,..,5214,..,3974,..,65,3870,283,1567,1649,371,13,..,..,49
"1998M01",14652,12039,..,9443,..,2355,..,62,2300,191,939,738,432,37,..,..,214
"1998M02",15779,12765,..,9551,..,2984,..,75,2426,225,944,820,437,138,..,..,375
"1998M03",21188,16734,..,13079,..,3404,..,35,2960,194,1213,981,572,503,..,..,956
"1998M04",19906,15731,..,12075,..,3366,..,59,2730,173,1275,770,512,642,..,..,744
"1998M05",17029,13111,..,9570,..,3300,..,141,2448,137,1078,780,453,685,..,..,644
"1998M06",26011,21053,..,14978,..,5676,..,139,3567,227,1729,1043,568,523,..,..,729
"1998M07",15283,11990,..,9483,..,2233,..,71,2323,129,984,681,529,395,..,..,504
"1998M08",15318,11872,..,8963,..,2591,..,81,2712,246,1108,871,487,227,..,..,426
"1998M09",16315,12383,..,8867,..,3269,..,69,3485,184,1564,1252,485,119,..,..,259
"1998M10",14596,11544,..,8362,..,2980,..,46,2766,149,1343,798,476,67,..,..,173
"1998M11",14971,11781,..,8242,..,3357,..,46,2970,177,1503,896,394,33,..,..,141
"1998M12",14920,11235,..,5852,..,5074,..,61,3572,209,1694,1212,457,7,..,..,45
"1999M01",13375,10375,..,8000,..,2234,..,50,2759,129,1408,737,485,29,..,..,162
"1999M02",15320,12059,..,9147,..,2789,..,43,2742,129,1406,785,422,113,..,..,363
"1999M03",22737,17073,..,13029,..,3905,..,36,3746,194,1905,1031,616,848,..,..,1034
"1999M04",17528,13184,..,9877,..,3197,..,44,2933,134,1469,820,510,712,..,..,655
"1999M05",17774,13246,..,9599,..,3482,..,156,2970,128,1518,807,517,694,..,..,708
"1999M06",19518,14454,..,9799,..,4500,..,114,3588,124,1839,1070,555,634,..,..,728
"1999M07",14886,11441,..,8293,..,3026,..,46,2336,109,1199,643,385,516,..,..,547
"1999M08",13589,9938,..,7228,..,2610,..,44,2898,97,1526,860,415,309,..,..,400
"1999M09",14071,9995,..,6887,..,2982,..,105,3461,144,1731,1133,453,207,..,..,303
"1999M10",13133,10023,..,7029,..,2887,..,26,2802,123,1501,773,405,72,..,..,210
"1999M11",13227,10226,..,6878,..,3202,..,33,2778,125,1410,852,391,48,..,..,142
"1999M12",16541,12218,..,6060,..,5898,..,52,4193,181,2190,1399,423,20,..,..,58
"2000M01",12157,8635,..,6126,..,2406,..,60,2790,89,1539,712,450,38,..,451,183
"2000M02",13937,10017,..,7283,..,2616,..,32,2791,110,1509,877,295,124,..,575,398
"2000M03",19093,12672,..,8639,..,3851,..,44,3723,121,2027,963,612,731,..,1004,919
"2000M04",15660,10522,..,7214,..,3190,..,33,2749,97,1478,794,380,637,..,958,761
"2000M05",18276,12028,..,7608,..,4268,..,166,3417,110,1822,1031,454,678,..,1303,684
"2000M06",15721,10463,..,6630,..,3704,..,99,3109,92,1567,1017,433,325,..,1013,712
"2000M07",12667,8755,..,5648,..,3010,..,41,2175,65,1177,659,274,272,..,969,455
"2000M08",13267,8329,..,5708,..,2520,..,76,2952,86,1564,924,378,236,..,1185,489
"2000M09",12027,7802,..,5096,..,2598,..,65,2919,78,1436,978,427,117,..,839,285
"2000M10",11477,7680,..,4784,..,2770,..,46,2839,63,1437,995,344,75,..,676,161
"2000M11",11105,7369,..,4462,..,2769,..,30,3014,82,1586,951,395,38,..,498,156
"2000M12",13527,9361,..,3381,..,5742,..,43,3759,105,2074,1236,344,29,..,295,40
"2001M01",9666,6227,..,4358,..,1795,..,72,2741,51,1610,658,422,34,..,420,172
"2001M02",10579,7124,..,4734,..,2303,..,20,2608,46,1544,684,334,80,..,448,299
"2001M03",14343,9311,..,5999,..,3199,..,59,3226,53,1819,790,564,358,..,601,788
"2001M04",13652,9061,..,5391,..,3576,..,50,2777,37,1591,754,395,474,..,665,625
"2001M05",14997,10101,..,5782,..,4205,..,35,2999,49,1777,779,394,483,..,817,562
"2001M06",14841,10061,..,5780,..,4145,..,105,3082,59,1804,823,396,307,..,688,598
"2001M07",11038,7290,..,4604,..,2604,..,12,2277,34,1365,578,300,285,..,720,454
"2001M08",12309,7730,..,4776,..,2859,..,49,2976,39,1744,782,411,209,..,832,513
"2001M09",10825,6668,..,4093,..,2441,..,49,3242,33,1884,726,599,89,..,555,222
"2001M10",10887,7198,..,4216,..,2836,..,34,2898,32,1813,790,263,53,..,500,204
"2001M11",11238,7461,..,4147,..,3130,..,38,3200,28,2087,754,331,28,..,351,160
"2001M12",11773,7882,..,2647,..,4994,..,35,3602,32,2471,856,243,16,..,199,39
"2002M01",10206,7034,..,4767,..,2192,..,37,2624,16,1749,494,365,28,..,314,169
"2002M02",11489,8122,..,5582,..,2442,..,33,2488,34,1696,491,267,70,..,394,382
"2002M03",15086,10242,..,6526,..,3578,..,39,2910,16,2009,578,307,579,..,534,782
"2002M04",14955,10028,..,6841,..,3078,..,39,3084,34,2077,615,358,522,..,582,700
"2002M05",16765,11904,..,7445,..,4319,..,80,3188,15,2187,621,365,428,..,557,608
"2002M06",16330,11250,..,6758,..,4355,..,206,3481,13,2327,737,404,327,..,442,624
"2002M07",12367,9191,..,6003,..,3089,..,52,2288,12,1529,482,265,246,..,482,590
"2002M08",13023,8825,..,5416,..,3297,..,57,2867,14,1887,596,370,220,..,596,458
"2002M09",12801,8768,..,5361,..,3292,..,54,3025,13,2062,561,389,124,..,491,339
"2002M10",12943,9048,..,5439,..,3487,..,46,3245,23,2182,639,401,46,..,300,258
"2002M11",11579,8155,..,4722,..,3264,..,49,2973,19,1968,648,338,22,..,226,154
"2002M12",12560,9031,..,3602,..,5232,..,73,3264,23,2223,735,283,13,..,130,49
"2003M01",9888,6686,..,4267,..,2344,..,84,2699,14,1891,433,361,24,..,206,189
"2003M02",10504,6860,..,4129,..,2658,..,31,2807,17,1967,531,292,83,..,259,464
"2003M03",12951,8002,..,5176,..,2748,..,38,3099,20,2084,575,420,517,..,358,937
"2003M04",12370,7784,..,4682,..,3035,..,31,2785,14,1828,563,380,511,..,396,863
"2003M05",13697,8987,..,4853,..,4076,..,114,3038,10,2061,595,372,445,..,369,744
"2003M06",13500,9072,..,5060,..,3916,..,53,2859,9,1989,500,361,375,..,353,788
"2003M07",11744,8131,..,4931,..,3109,..,58,2244,10,1610,341,283,352,..,371,588
"2003M08",11107,7154,..,4478,..,2616,..,49,2779,9,1987,415,368,247,..,434,444
"2003M09",12008,7922,..,4815,..,3107,..,43,3129,6,2293,465,365,118,..,417,379
"2003M10",11941,8068,..,5117,..,2951,..,48,3219,7,2327,482,403,53,..,290,263
"2003M11",11942,8318,..,4872,..,3446,..,36,3179,9,2311,533,326,60,..,168,181
"2003M12",14007,9517,..,3422,..,6095,..,50,4181,15,3169,692,305,39,..,137,83
"2004M01",11433,7708,..,5306,..,2402,..,61,3190,9,2297,471,413,40,..,206,228
"2004M02",11746,7533,..,5043,..,2490,..,45,3350,3,2418,607,322,81,..,248,489
"2004M03",17133,10480,..,6910,..,3570,..,69,4142,4,2978,704,456,682,..,365,1395
"2004M04",16749,10709,..,6701,..,4008,..,29,3959,6,2897,620,436,693,..,397,962
"2004M05",15580,10040,..,6355,..,3685,..,53,3736,10,2753,562,411,572,..,363,816
"2004M06",19246,12593,..,7616,..,4977,..,89,4495,5,3398,704,388,540,..,598,931
"2004M07",14301,9321,..,5868,..,3453,..,55,3535,6,2753,449,327,319,..,383,688
"2004M08",14625,9134,..,5928,..,3206,..,52,4157,3,3251,554,349,297,..,465,520
"2004M09",16027,10505,..,6646,..,3859,..,45,4414,6,3331,688,389,170,..,451,442
"2004M10",15414,10555,..,6491,..,4064,..,32,4200,4,3076,699,421,81,..,294,252
"2004M11",16722,11430,..,6784,..,4646,..,31,4691,3,3534,755,399,73,..,260,237
"2004M12",18510,12535,..,5185,..,7350,..,84,5522,10,4191,982,339,83,..,167,119
"2005M01",14994,10014,..,7305,..,2709,..,73,4370,6,3286,639,439,47,..,258,232
"2005M02",14861,9697,..,6894,..,2803,..,34,4223,1,3194,658,370,118,..,232,557
"2005M03",19774,12542,..,8399,..,4143,..,38,4837,4,3589,760,484,737,..,255,1365
"2005M04",22448,14054,..,9504,..,4550,..,49,5516,4,4118,830,564,1079,..,542,1208
"2005M05",20646,13080,..,8821,..,4259,..,57,5258,5,3853,871,529,769,..,528,954
"2005M06",23794,15192,..,9910,..,5282,..,63,5691,2,4222,917,550,1078,..,713,1057
"2005M07",17472,11866,..,8050,..,3816,..,59,3902,4,2864,665,369,510,..,423,712
"2005M08",18831,11961,..,7972,..,3989,..,58,5012,8,3705,833,466,484,..,536,780
"2005M09",19696,12603,..,8092,..,4511,..,37,5494,7,3974,1018,495,431,..,593,538
"2005M10",17487,11618,..,7672,..,3946,..,45,4837,3,3488,922,424,249,..,400,338
"2005M11",19289,12573,..,7723,..,4850,..,56,5904,6,4319,1119,460,181,..,286,289
"2005M12",20515,13378,..,5114,..,8264,..,80,6707,6,4449,1413,839,98,..,151,101
"2006M01",16956,11304,..,7883,..,3421,..,53,5089,0,3876,914,299,105,..,183,222
"2006M02",16337,10664,..,7614,..,3050,..,42,4733,7,3509,905,312,197,..,263,438
"2006M03",23946,14376,..,9814,..,4562,..,35,6664,2,4812,1209,641,1044,..,437,1390
"2006M04",21735,13376,..,9464,..,3912,..,51,5513,5,3792,871,845,1304,..,415,1076
"2006M05",24579,15831,..,10444,..,5387,..,52,5765,1,4253,1139,372,1231,..,535,1165
"2006M06",25907,17091,..,10741,..,6350,..,92,6084,4,4260,1321,499,1050,..,521,1069
"2006M07",17979,11536,..,7624,..,3912,..,66,4333,0,3145,840,348,755,..,456,833
"2006M08",19769,12075,..,8032,..,4043,..,44,5598,4,3964,1132,498,688,..,594,770
"2006M09",20550,12312,..,7624,..,4688,..,99,6600,4,4249,1199,1148,571,..,453,515
"2006M10",19078,12436,..,7620,..,4816,..,61,5533,3,4116,1187,227,377,..,347,324
"2006M11",19854,12652,..,7154,..,5498,..,40,6320,2,4492,1391,435,145,..,346,351
"2006M12",20241,13066,..,4646,..,8420,..,74,6550,1,4430,1735,384,112,..,204,235
"2007M01",19491,11684,12718,8014,7776,3670,4941,67,5804,3,4162,1131,508,139,1236,331,230
"2007M02",18260,10810,13266,6756,7853,4054,5413,45,5297,5,3760,1013,519,199,1120,310,479
"2007M03",27058,14443,13154,9198,8116,5245,5037,32,7041,5,4727,1654,655,1700,1933,512,1397
"2007M04",25399,12274,12657,8076,7753,4198,4904,35,7974,5,5668,1672,629,1552,2026,457,1081
"2007M05",24654,14342,12571,9093,7779,5249,4793,43,5255,11,3303,1243,698,1354,2228,470,962
"2007M06",25339,15181,13181,9191,8325,5990,4856,52,5269,3,3189,1409,668,1176,2118,432,1111
"2007M07",21154,13434,13677,8711,8733,4723,4945,31,3668,21,2057,1106,484,887,1841,371,922
"2007M08",22078,13367,13495,8877,8318,4490,5177,66,4334,66,2342,1357,569,843,2294,477,697
"2007M09",21007,13440,14077,8514,8821,4926,5256,104,4448,243,2159,1262,784,477,1677,366,495
"2007M10",21862,14505,14304,9493,9159,5012,5145,112,4444,346,2241,1294,563,387,1657,337,420
"2007M11",21775,15189,14975,9335,9426,5854,5549,39,4496,280,2296,1402,518,227,1227,265,332
"2007M12",20910,13812,15018,5618,9055,8194,5963,50,5016,456,2682,1511,367,836,890,190,116
"2008M01",20196,14392,14991,9826,9300,4566,5691,59,3799,616,1619,986,578,82,1291,247,326
"2008M02",19335,12963,14493,8376,8844,4587,5648,52,3583,459,1651,931,542,381,1409,232,715
"2008M03",19985,12629,13210,8338,8666,4291,4544,80,3593,551,1529,928,585,869,1508,291,1015
"2008M04",25405,16095,14863,10825,9196,5270,5667,54,4331,629,1876,1156,670,1262,2203,423,1037
"2008M05",22934,14603,13540,9184,8274,5419,5266,56,3731,605,1587,941,598,1084,2265,459,736
"2008M06",23369,15375,13427,8962,8153,6413,5274,55,3941,759,1705,885,592,769,2041,413,775
"2008M07",19813,13002,12724,7972,7545,5030,5179,87,2951,578,1234,670,469,654,2003,343,773
"2008M08",18192,11344,12326,7352,7541,3992,4785,108,3255,554,1363,819,519,490,2053,386,556
"2008M09",18364,11996,11784,7489,7252,4507,4532,126,3193,463,1377,701,652,336,1935,340,438
"2008M10",17024,11323,10639,6878,6307,4445,4332,105,3229,435,1457,716,621,201,1621,259,286
"2008M11",12205,8329,9395,4723,5612,3606,3783,79,2321,343,972,556,450,107,1009,169,191
"2008M12",12594,8612,9416,2922,5634,5690,3783,68,2448,413,989,606,440,455,824,110,77
"2009M01",11129,7786,8443,5266,5140,2520,3303,99,1785,289,614,357,525,55,1058,171,175
"2009M02",10534,7422,9375,4833,5844,2589,3532,63,1552,288,627,319,318,116,876,177,328
"2009M03",14756,9827,8397,5845,4745,3982,3652,60,1856,279,780,354,443,526,1472,284,731
"2009M04",13851,9037,8834,5866,5179,3171,3655,35,1572,214,693,326,339,716,1590,307,594
"2009M05",13681,9329,8405,5601,4898,3728,3507,32,1560,241,678,346,295,578,1487,260,435
"2009M06",16153,11277,9007,5662,4607,5615,4400,94,1684,269,713,416,286,506,1730,317,545
"2009M07",13510,9080,8914,5224,4853,3856,4061,101,1240,249,556,265,170,421,1862,314,492
"2009M08",11990,7909,9539,4665,5155,3244,4384,117,1311,199,648,276,188,307,1668,284,394
"2009M09",13773,9760,9256,5156,4782,4604,4475,102,1558,247,724,313,274,239,1472,262,380
"2009M10",13205,9969,9910,5452,5320,4517,4590,101,1263,260,612,244,147,146,1245,176,305
"2009M11",11857,9060,9747,4702,5289,4358,4458,76,1431,224,741,340,126,75,906,132,177
"2009M12",14401,11793,11260,3620,6044,8173,5216,83,1661,256,826,429,150,58,659,83,64
"2010M01",12638,10645,12150,5173,5303,5472,6847,40,1173,185,510,297,181,40,562,82,96
"2010M02",10837,8590,11116,4385,5325,4205,5791,35,1409,224,745,309,131,52,503,88,160
"2010M03",18637,13950,12426,7747,6445,6203,5980,97,1569,290,765,308,206,469,1438,291,823
"2010M04",16309,11953,11615,6325,5610,5628,6006,40,1362,240,648,298,176,471,1630,306,547
"2010M05",17188,12974,12695,6542,6016,6432,6679,39,1382,305,633,259,185,410,1677,269,437
"2010M06",20430,15539,12428,7708,6560,7831,5868,91,1720,352,769,344,255,369,1816,383,512
"2010M07",15512,11669,12425,6133,6233,5536,6191,126,1154,210,502,240,202,283,1637,291,352
"2010M08",15860,11756,12646,6503,6518,5253,6127,112,1416,349,563,248,256,247,1698,314,317
"2010M09",17872,13534,13542,7043,6763,6491,6779,90,2049,324,787,417,521,153,1462,288,296
"2010M10",16859,13593,13688,6412,6555,7181,7133,57,1524,295,704,292,233,79,1220,188,198
"2010M11",17047,13948,13848,6542,6725,7406,7123,55,1859,330,901,409,219,45,829,134,177
"2010M12",18528,15463,14297,4347,6755,11116,7542,70,2405,384,1354,480,187,21,470,58,41
"2011M01",15243,12371,14616,7096,7447,5275,7169,49,1933,243,960,412,318,35,657,109,89
"2011M02",14765,11542,14162,6837,7698,4705,6464,47,1951,338,982,362,269,60,808,185,172
"2011M03",21599,16776,14399,9020,7401,7756,6999,35,2439,351,1157,576,355,289,1214,252,594
"2011M04",17919,13425,14252,7325,7255,6100,6998,37,1999,295,907,439,358,381,1355,261,461
"2011M05",21578,16567,14476,8237,7131,8330,7345,46,2408,420,1007,628,353,370,1487,285,415
"2011M06",21679,17022,13930,7416,6309,9606,7621,43,2307,365,1014,634,294,257,1410,274,366
"2011M07",16603,13061,14311,6313,6812,6748,7499,38,1665,281,713,457,214,192,1171,195,281
"2011M08",16923,12492,13681,6497,6398,5995,7283,58,2459,289,1187,695,288,153,1242,278,241
"2011M09",17992,13794,13310,6632,6300,7162,7010,69,2667,493,1145,689,340,103,991,184,184
"2011M10",16013,12377,13461,6003,6400,6374,7061,107,2125,277,970,579,299,66,1006,205,127
"2011M11",18804,15026,14318,6971,6890,8055,7429,72,2689,364,1220,785,320,35,736,113,133
"2011M12",19504,15341,15547,4966,7746,10375,7801,60,3373,445,1544,1102,282,23,536,132,39
"2012M01",15948,12868,13384,7344,7094,5524,6290,43,2153,276,919,529,429,31,671,110,72
"2012M02",17178,14173,16969,6758,7045,7415,9925,25,2008,293,825,615,275,72,613,112,175
"2012M03",18504,13675,12238,8470,7230,5205,5008,87,2549,382,1035,735,397,259,1159,210,565
"2012M04",16344,12068,12765,7421,7461,4647,5303,25,1959,323,845,516,275,312,1400,297,283
"2012M05",21888,16621,14219,10243,8728,6378,5492,41,2967,441,1267,861,398,318,1322,244,375
"2012M06",17831,14029,12605,7996,7704,6033,4901,51,2179,390,897,616,276,166,940,169,297
"2012M07",19875,16378,17647,8767,9184,7611,8464,48,2020,361,798,572,289,177,881,161,210
"2012M08",17623,13465,13748,9501,9259,3964,4489,56,2432,330,1000,756,346,170,1013,263,224
"2012M09",17187,13817,14961,9125,9729,4692,5233,75,1990,282,777,683,248,92,808,235,170
"2012M10",18727,15138,14871,10158,9825,4980,5047,65,2411,379,1037,702,293,66,775,149,123
"2012M11",19594,16083,15328,10717,10434,5366,4894,79,2493,411,1086,736,260,38,636,165,100
"2012M12",13714,10621,13131,4992,8217,5629,4914,29,2657,338,1192,841,286,9,315,50,33
"2013M01",17462,14718,14448,9628,8862,5090,5586,50,1998,359,868,510,261,21,473,110,92
"2013M02",14877,12169,14144,8103,8785,4066,5359,30,1939,340,773,588,238,42,414,122,161
"2013M03",18398,14890,14432,9275,9165,5615,5268,51,2132,339,901,636,256,187,559,187,392
"2013M04",19735,15683,14929,10441,9374,5242,5555,31,2400,325,1053,712,310,322,738,233,328
"2013M05",20323,16465,14391,11093,9696,5372,4695,24,2270,408,899,659,304,297,797,211,259
"2013M06",21305,17426,15584,10229,9813,7197,5771,28,2347,437,889,795,226,199,784,259,262
"2013M07",17392,14133,15145,9474,9755,4659,5391,84,1896,359,788,498,251,153,710,188,228
"2013M08",17778,14074,15036,9252,9464,4822,5572,71,2353,409,984,674,286,164,718,179,219
"2013M09",17820,14388,15328,9235,9598,5153,5730,80,2375,525,852,658,340,67,589,184,137
"2013M10",19948,16653,15827,10473,9896,6180,5931,58,2412,483,965,581,383,62,536,108,119
"2013M11",19037,15809,16030,9794,9999,6015,6032,44,2586,433,1046,736,371,31,400,85,82
"2013M12",18073,14235,15197,6977,9453,7258,5744,65,3376,446,1187,905,838,19,280,60,38
"2014M01",19129,16242,16008,10836,10033,5406,5975,27,2277,520,993,596,168,22,396,94,71
"2014M02",17639,14727,16719,9759,10378,4968,6341,34,2122,442,937,541,202,55,459,105,137
"2014M03",20976,16766,16289,10415,9696,6351,6593,72,2739,519,1140,781,299,240,657,168,334
"2014M04",20446,16446,16081,9546,9212,6900,6870,39,2423,500,1006,652,265,402,647,156,333
"2014M05",21027,16833,15306,9196,8300,7637,7006,50,2668,499,1030,889,250,305,729,168,274
"2014M06",21803,17531,14779,8294,7553,9237,7226,90,2764,490,1043,920,311,272,665,212,269
"2014M07",17542,14223,14967,7632,7757,6591,7210,66,2110,457,807,559,287,182,563,169,229
"2014M08",18412,14564,15792,7920,8480,6644,7312,59,2580,564,937,756,323,159,666,197,187
"2014M09",18290,14359,15050,8026,8217,6333,6833,104,2800,546,971,863,420,131,616,157,123
"2014M10",20336,16264,15785,8677,8201,7587,7584,111,3101,597,1218,860,426,111,511,129,109
"2014M11",18849,15091,15886,7794,8267,7297,7620,101,3067,612,1328,861,266,38,369,93,90
"2014M12",19167,15363,16132,6319,8355,9044,7776,45,3354,717,1312,987,338,23,277,64,41
"2015M01",19272,16001,16842,8588,8181,7413,8661,50,2597,587,1089,621,300,44,415,96,69
"2015M02",16897,13514,15561,6941,7444,6573,8117,74,2512,553,974,658,327,62,413,167,155
"2015M03",24952,19538,17151,9675,8374,9863,8777,48,3588,750,1286,1067,485,359,703,270,446
"2015M04",21521,16926,17025,8774,8518,8152,8507,23,3089,575,1231,858,425,415,627,168,273
"2015M05",21283,17002,15525,8591,8045,8411,7480,34,2949,559,1237,826,327,310,592,153,243
"2015M06",26406,21316,17496,10830,9719,10486,7777,50,3627,839,1332,1049,407,323,606,170,314
"2015M07",19652,16202,17373,8930,9198,7272,8175,64,2255,507,821,621,306,231,562,141,197
"2015M08",20437,16113,18527,8424,9267,7689,9261,53,2993,701,1147,797,348,213,656,210,199
"2015M09",21919,17738,18439,8995,9149,8743,9291,143,3131,725,1108,882,416,126,495,157,129
"2015M10",20971,16815,17456,8803,8881,8012,8575,68,3287,629,1243,929,486,83,445,159,114
"2015M11",21035,17067,17621,8346,8544,8721,9077,126,3271,674,1325,924,348,38,334,91,108
"2015M12",22581,18420,17915,7121,8604,11299,9311,102,3623,742,1449,1124,308,34,288,69,45
"2016M01",20294,16380,17387,8564,8419,7816,8968,74,3216,601,1344,890,381,36,396,90,102
"2016M02",20717,16590,18513,8603,8677,7987,9836,46,3234,680,1343,886,325,114,425,118,190
"2016M03",24389,19151,16827,9061,8148,10090,8679,47,3562,717,1369,1036,440,442,554,178,455
"2016M04",25130,19856,19775,9102,8538,10754,11237,37,3614,726,1391,1071,426,493,599,197,334
"2016M05",26371,21125,18648,9214,8456,11911,10192,68,3637,716,1331,1183,407,473,617,179,272
"2016M06",29605,23623,19104,9840,8541,13783,10563,113,4255,802,1703,1304,446,418,733,168,295
"2016M07",19467,15693,18092,7313,8331,8380,9760,98,2538,423,1079,742,294,265,551,114,208
"2016M08",22839,17361,18037,8138,8230,9223,9807,105,4186,662,1598,1545,381,238,592,162,195
"2016M09",22855,18400,19271,8762,8937,9638,10335,159,3154,605,1127,967,455,222,605,157,158
"2016M10",21203,16993,19519,8104,8881,8889,10638,113,3053,568,1083,987,415,99,713,118,114
"2016M11",22270,17976,17240,8107,7844,9869,9396,105,3328,578,1133,1225,392,59,569,136,97
"2016M12",23777,19325,19702,7470,9056,11855,10646,73,3612,615,1229,1348,420,128,501,107,31
"2017M01",23275,19490,20109,9805,9331,9685,10778,70,2991,527,1132,1008,324,37,514,83,90
"2017M02",21511,17444,19325,8263,8535,9181,10791,230,2880,455,1030,1040,355,120,550,138,149
"2017M03",28810,22732,19379,10518,8824,12214,10556,92,4119,681,1426,1558,454,522,763,196,386
"2017M04",22469,17639,19348,7896,8721,9743,10627,55,3127,520,1063,1157,387,445,746,200,257
"2017M05",27880,22312,20128,9662,8813,12650,11315,86,3675,569,1292,1404,410,421,915,201,270
"2017M06",29823,23982,18445,9602,8190,14380,10255,164,4059,756,1285,1602,416,389,760,184,285
"2017M07",19017,15221,19034,6959,8258,8262,10775,60,2360,423,850,792,295,259,694,198,225
"2017M08",20527,15305,14895,7348,7095,7957,7800,162,3635,580,1313,1326,416,243,738,199,245
"2017M09",18800,14326,16432,6639,7374,7687,9058,117,3373,560,1122,1296,395,90,606,132,156
"2017M10",22418,18524,19166,10347,10652,8177,8515,91,2777,482,921,942,432,160,589,159,118
"2017M11",23306,18014,17851,9067,8798,8947,9052,106,3823,593,1446,1389,395,73,900,272,118
"2017M12",25921,16482,16869,6506,7992,9976,8877,63,3640,524,1274,1532,310,75,5461,178,22
"2018M01",23333,19898,20249,13081,12350,6817,7899,67,2978,547,966,1058,407,56,185,62,87
"2018M02",20643,17273,18737,10013,10292,7260,8445,62,2757,469,886,1091,311,81,210,83,177
"2018M03",24184,19785,18563,10889,10641,8896,7922,38,3187,436,1110,1235,406,408,279,92,395
"2018M04",23808,18766,19594,10413,10394,8353,9201,64,3293,531,1163,1194,405,670,397,321,297
"2018M05",28039,22593,19826,11529,10541,11064,9285,57,3805,587,1389,1406,423,637,506,156,285
"2018M06",27570,22557,19149,10890,10018,11667,9131,71,3645,524,1242,1452,427,493,395,150,259
"2018M07",19831,16482,18160,8735,9455,7747,8705,75,2179,321,790,783,285,349,389,132,225
"2018M08",25166,20665,20171,9651,9289,11014,10882,68,3383,649,1195,1143,396,262,449,122,217
"2018M09",15855,11986,14242,6203,7212,5783,7030,108,2975,379,947,1211,438,134,419,94,139
"2018M10",21070,16642,17697,7787,7924,8855,9773,69,3665,476,1272,1471,446,104,366,109,115
"2018M11",22176,17929,16731,7972,7547,9957,9184,65,3597,521,1144,1535,397,75,317,83,110
"2018M12",17491,13900,15113,5189,6499,8711,8615,87,3021,386,1014,1333,288,196,204,51,32
"2019M01",25134,21291,21165,11817,10821,9474,10344,106,3184,494,1194,1058,438,74,293,86,100
"2019M02",22415,18597,20405,9643,9957,8954,10448,81,2957,489,1086,993,389,197,313,115,155
"2019M03",31448,26188,23863,13754,13148,12434,10715,109,3756,731,1297,1326,402,463,340,205,387
"2019M04",21115,16254,17640,7404,8201,8850,9439,66,3236,493,1130,1176,437,573,488,157,341
"2019M05",23777,19145,16829,8455,7640,10690,9189,66,3389,473,1190,1243,483,467,292,126,292
"2019M06",25409,20780,17985,8584,8056,12196,9929,107,3394,430,936,1462,566,377,304,143,304
"2019M07",20171,16776,19001,7756,8296,9020,10704,26,2058,359,677,832,190,379,507,137,288
"2019M08",23265,18711,18961,7928,7834,10783,11127,52,3372,547,1125,1382,318,313,441,123,253
"2019M09",19534,15948,18155,7581,8212,8367,9943,58,2785,488,922,1054,321,169,344,85,145
"2019M10",22268,18372,18549,8016,7843,10356,10706,77,3099,475,968,1255,401,105,399,85,131
"2019M11",22073,18086,18056,7510,7570,10576,10486,89,3357,468,1188,1339,362,55,319,62,105
"2019M12",19107,15471,14130,5018,5337,10453,8793,48,3095,394,1016,1416,269,34,314,108,37
"2020M01",22544,18680,19022,9336,8447,9344,10575,65,3178,395,1183,1212,388,73,350,73,125
"2020M02",18673,15057,17128,7522,7883,7535,9245,45,2797,333,1054,1110,300,163,368,70,173
"2020M03",19738,15217,13178,7819,7134,7398,6043,43,3075,376,1022,1339,338,503,395,73,432
"2020M04",13743,10285,11610,5375,6173,4910,5436,21,2118,289,670,847,312,559,419,91,250
"2020M05",15107,11546,11000,5411,5477,6135,5523,12,2066,229,737,842,258,590,500,100,293
"2020M06",22504,18048,14948,8850,7821,9198,7127,46,2588,352,944,1036,256,569,674,94,485
"2020M07",22853,19102,20761,9337,9612,9765,11149,68,2156,258,828,907,163,428,595,135,369
"2020M08",21984,17676,19247,8732,9141,8944,10106,21,3008,350,1042,1329,287,311,597,139,232
"2020M09",21950,17231,17759,8127,8083,9104,9676,37,3303,479,1041,1450,333,198,722,273,186
"2020M10",19466,15126,16336,6549,6779,8577,9558,39,3207,519,1013,1367,308,124,745,81,144
"2020M11",22546,18238,18211,8239,8288,9999,9923,27,3192,381,972,1518,321,92,788,86,123
"2020M12",27990,22773,19680,9744,9153,13029,10527,14,3891,558,1620,1477,236,68,1058,141,45
"2021M01",13189,10312,11560,4665,4701,5647,6859,4,2384,263,683,1119,319,61,307,33,88
"2021M02",13685,9976,11808,3854,4410,6122,7398,107,2960,228,666,1744,322,95,273,54,220
"2021M03",30025,23871,21254,11107,10423,12764,10831,32,4209,367,1016,2386,440,681,537,100,595
"2021M04",20516,15630,16494,7324,8034,8306,8460,9,3031,370,508,1817,336,585,671,105,485
"2021M05",21795,17019,17599,7708,8122,9311,9478,68,3157,291,634,1931,301,538,604,71,338
"2021M06",26025,20506,16418,8931,7785,11575,8633,125,3498,324,811,1975,388,636,793,122,345
"2021M07",17202,13566,15922,6272,7008,7294,8915,108,2097,233,305,1313,246,437,622,122,250
"2021M08",20176,15913,15679,7266,7182,8647,8497,30,2950,294,381,1909,366,318,669,107,189
"2021M09",18293,14282,14702,6445,6153,7837,8548,7,2866,298,388,1812,368,212,697,95,134
"2021M10",16152,12719,13861,5801,6298,6918,7563,23,2556,204,432,1576,344,94,610,54,96
"2021M11",18562,14975,14159,6403,6103,8572,8056,110,2672,158,424,1761,329,70,564,72,99
"2021M12",21862,17816,14933,7573,6671,10243,8262,98,3250,238,623,2067,322,87,525,46,40
"2022M01",12774,9453,12295,4192,4776,5261,7519,52,2550,156,341,1636,417,89,452,72,106
"2022M02",14082,10266,12472,4147,4869,6119,7603,30,2754,228,367,1865,294,143,625,118,146
"2022M03",19999,14745,11919,5336,4448,9409,7471,44,3406,173,516,2198,519,554,720,118,412
"2022M04",15339,11145,12964,3806,4955,7339,8010,63,2571,176,380,1694,321,519,626,137,278
"2022M05",17867,13637,12371,4929,4747,8708,7624,39,2664,273,390,1634,367,510,642,109,266
"2022M06",19294,14961,11858,5487,4332,9474,7527,84,2711,200,445,1685,381,425,708,150,255
"2022M07",12846,9912,12317,3713,4817,6199,7500,125,1747,119,270,1153,205,286,484,92,200
"2022M08",16989,12822,13171,4718,4659,8104,8512,40,2981,192,524,1892,373,273,590,109,174
"2022M09",17013,13052,12131,4974,4318,8078,7813,87,2946,165,571,1734,476,153,517,81,177
"2022M10",13905,10887,13268,3728,4515,7159,8753,32,2297,171,446,1249,431,74,464,51,100
"2022M11",16371,13156,11757,4555,4038,8601,7719,74,2578,158,499,1529,392,63,348,57,95
"2022M12",18252,15237,12953,5439,4753,9798,8200,45,2547,141,594,1405,407,74,271,49,29
"2023M01",13082,10433,12565,4581,4952,5852,7613,33,1876,144,494,936,302,49,389,225,77
"2023M02",14462,11628,14456,4832,5707,6796,8750,40,2050,148,476,1135,291,148,423,65,108
"2023M03",22122,17899,15125,7494,6616,10405,8510,15,2997,219,609,1631,538,320,512,70,309
"2023M04",15581,12137,14149,4343,5577,7794,8571,28,2218,151,401,1337,329,445,513,73,167
"2023M05",18215,14099,12754,4757,4248,9342,8506,44,2789,136,494,1683,476,436,599,61,187
"2023M06",22890,18475,13839,6324,4989,12151,8850,44,3075,141,552,1951,431,454,528,100,214
"2023M07",13788,11347,15565,3883,5349,7464,10216,68,1484,104,270,858,252,286,378,66,159
"2023M08",17557,13581,13528,5034,4952,8547,8576,67,2825,113,496,1601,615,240,525,95,224
"2023M09",18392,14937,14683,6036,5691,8901,8992,59,2456,126,595,1476,259,172,554,72,142
"2023M10",16675,13280,13893,5148,5440,8132,8453,61,2655,103,582,1654,316,62,445,78,94
"2023M11",19774,16356,15425,6344,5832,10012,9593,60,2813,120,546,1757,389,39,363,68,75
"2023M12",22709,19204,16500,6416,5987,12788,10512,11,3059,103,763,1843,350,35,326,54,20
"2024M01",11717,8861,11535,3670,4150,5191,7384,77,2335,116,440,1386,393,29,329,45,41
"2024M02",14645,11275,13455,4490,4856,6785,8599,25,2538,100,473,1570,395,115,475,86,131
"2024M03",21340,16948,15935,5700,6326,11248,9609,48,3059,92,530,2063,374,392,580,88,225
"2024M04",20248,15363,15129,5316,4901,10047,10227,43,3538,144,642,2343,409,431,588,67,218
"2024M05",19247,14647,12394,5211,4275,9436,8119,96,3165,93,575,2136,361,483,585,88,183
"2024M06",23970,19578,16570,7264,6639,12314,9931,62,3307,163,623,1956,565,343,458,68,154
"2024M07",14195,11577,14161,4216,5044,7361,9117,49,1529,83,257,958,231,297,517,72,154
"2024M08",16112,12865,14346,4426,5070,8439,9276,16,2298,199,363,1419,317,235,489,76,133
"2024M09",19202,15573,15042,5719,5202,9854,9840,24,2660,155,448,1742,315,170,581,80,114
"2024M10",17568,14385,14361,5222,5140,9163,9221,39,2396,75,452,1551,318,121,479,59,89
"2024M11",18336,14951,14465,5355,5275,9596,9190,77,2736,150,468,1800,318,78,363,66,65
"2024M12",20731,17414,14378,5687,4979,11727,9399,22,2758,68,565,1821,304,87,379,42,29
"2025M01",13622,10854,13722,4376,4767,6478,8955,53,2197,80,318,1415,384,42,385,52,39
"2025M02",14618,11678,15347,4419,5478,7259,9869,30,2193,110,263,1489,331,125,444,68,80
"2025M03",18949,15062,14688,5551,5525,9511,9162,24,2621,106,376,1782,357,465,536,79,162
"2025M04",18903,15238,15100,5463,5596,9775,9504,56,2346,49,328,1591,378,482,566,61,154
"2025M05",22003,18061,16291,6648,6006,11413,10285,66,2622,56,440,1724,402,479,581,68,126
"2025M06",23982,19122,15521,7073,6053,12049,9468,41,3585,137,525,2100,819,477,537,73,147
"2025M07",16655,13893,15971,4837,5467,9056,10505,42,1730,32,341,1203,154,325,437,79,149
"2025M08",16345,13079,15038,4355,5464,8724,9574,58,2207,43,261,1622,281,303,517,73,108
"2025M09",21509,17773,16162,7147,6216,10626,9946,62,2683,37,370,1924,352,223,579,88,101
"2025M10",19421,16172,16329,6033,6031,10139,10298,37,2470,45,390,1683,352,149,483,53,57
"2025M11",18898,15937,16009,6052,6264,9885,9745,49,2348,53,455,1570,270,51,391,68,54
"2025M12",22012,18525,15946,7339,6493,11186,9453,54,2944,66,416,2122,339,54,372,44,19
"2026M01",15699,12874,16878,6200,7101,6674,9777,59,2267,125,359,1372,411,46,365,44,44
"2026M02",14748,12059,15562,5834,6959,6225,8603,35,2169,77,383,1424,285,83,302,30,70
"2026M03",23591,19019,16594,7903,7287,11116,9307,25,3090,87,520,2038,445,552,606,66,233
"2026M04",20668,16835,17236,7885,7960,8950,9276,43,2416,55,395,1639,327,529,628,81,136
"2026M05",23050,19173,17462,8967,8512,10206,8950,105,2394,50,467,1534,343,558,606,92,122
"2026M06",26417,21584,17060,9400,7961,12184,9099,85,3511,57,598,2108,748,496,512,78,151
"2026M07",17117,14682,16681,7449,8167,7233,8514,79,1312,43,265,848,156,406,436,71,131

