"date","Milk ex farm, total (m kg)","Delivered milk to dairies (m kg)","Delivered organic milk to dairies (m kg)","Avarage fat content of delivered milk to the dairies (percent)","Avarage protein content of delivered milk to dairies (percent)","Milk ex farm, total (DK ore per kg)","Milk ex farm with 4,2% fat content and 3,4%protein content (DK ore pr. kg)","Milk ex farm, total (DKK Mio)","Production of butter (m kg)","Production of cheese, total (m kg)","Production of preserved milk (m kg)","Production of cream milk powder, whole milk powder and partly skimmed powder, total (m kg)","Production of skimmed milk powder, total (m kg)","Production of skim milk powder, export, total (m kg)","Price ratio of milk/compound feeds for cattle"
"1995M01",379.27,362.57,..,4.53,3.49,254.35,242.13,937.78,4.94,27.50,9.90,8.89,0.98,1.12,16.17
"1995M02",343.06,326.36,..,4.48,3.43,250.47,242.13,833.31,3.82,24.30,8.20,7.71,0.51,1.24,16.15
"1995M03",386.57,369.97,..,4.50,3.40,249.84,242.13,939.88,4.73,26.10,10.20,8.93,1.36,1.02,16.18
"1995M04",400.38,383.78,..,4.48,3.38,248.50,242.18,970.63,5.33,24.90,12.00,10.15,1.85,1.21,16.21
"1995M05",429.01,412.31,..,4.30,3.38,243.28,242.18,1018.86,5.46,27.80,12.80,11.41,1.37,0.90,16.49
"1995M06",405.55,388.85,..,4.22,3.40,241.75,242.18,954.91,4.72,25.70,13.00,11.50,1.49,1.27,16.51
"1995M07",411.74,395.04,..,4.12,3.33,236.09,242.18,947.19,4.95,25.00,12.20,10.02,2.17,2.31,16.61
"1995M08",401.58,384.88,..,4.09,3.28,233.20,242.18,912.28,4.24,25.70,11.10,9.64,1.50,2.20,16.58
"1995M09",383.90,367.30,..,4.22,3.39,241.33,242.18,901.39,4.10,25.10,10.40,8.60,1.73,3.74,16.59
"1995M10",387.38,370.78,..,4.37,3.48,247.11,240.12,939.52,3.95,26.60,9.60,8.05,1.50,1.71,16.50
"1995M11",367.18,350.48,..,4.46,3.54,249.06,237.12,888.40,3.44,26.00,9.20,7.78,1.41,1.50,16.31
"1995M12",376.89,360.19,..,4.49,3.49,247.84,237.12,908.10,4.62,26.50,9.20,6.56,2.60,1.10,16.29
"1996M01",377.20,360.50,..,4.47,3.44,252.18,244.95,924.74,5.00,25.30,9.80,7.81,1.90,1.64,16.74
"1996M02",351.50,334.80,..,4.45,3.42,250.99,244.95,856.11,4.40,23.60,8.60,7.08,1.47,1.84,16.73
"1996M03",385.20,368.60,..,4.46,3.40,250.55,244.95,939.07,4.40,25.70,10.60,8.40,2.20,1.26,16.64
"1996M04",401.45,384.85,..,4.38,3.34,246.77,244.95,966.09,5.70,25.90,10.20,7.00,3.23,1.90,16.52
"1996M05",423.75,407.05,..,4.31,3.31,243.96,244.95,1008.78,5.40,27.40,11.50,8.79,2.67,3.17,15.65
"1996M06",410.53,393.83,8.20,4.16,3.37,242.22,244.95,969.35,4.80,24.20,11.70,9.24,2.54,2.48,15.39
"1996M07",415.72,399.02,11.40,4.17,3.39,243.16,244.95,985.02,5.20,23.20,12.80,9.46,3.26,1.99,15.33
"1996M08",407.36,390.66,11.30,4.14,3.34,240.68,244.95,955.26,4.90,23.00,11.70,9.02,2.67,2.36,15.26
"1996M09",386.68,370.08,10.60,4.25,3.45,247.24,244.95,930.33,4.10,25.40,10.80,8.69,2.06,2.26,15.19
"1996M10",386.03,369.43,10.50,4.43,3.54,250.90,240.95,942.37,4.40,25.40,11.60,9.30,2.30,2.32,14.63
"1996M11",368.31,351.61,10.10,4.49,3.55,252.74,240.95,904.57,3.90,25.40,9.90,8.24,1.65,2.52,14.55
"1996M12",380.90,364.20,10.60,4.54,3.54,253.67,240.95,940.10,4.40,24.70,11.10,9.81,1.72,1.37,14.57
"1997M01",381.50,364.80,10.70,4.55,3.52,253.44,241.25,940.26,5.10,24.70,10.30,8.10,2.20,1.95,14.45
"1997M02",342.10,325.40,9.70,4.48,3.45,249.37,241.25,827.16,4.00,22.40,8.40,6.60,1.80,1.72,14.40
"1997M03",373.40,356.80,10.90,4.45,3.42,247.58,241.25,898.73,3.70,24.30,10.30,8.70,1.60,1.30,14.40
"1997M04",389.20,372.60,11.00,4.42,3.40,245.41,241.25,929.61,4.70,23.10,10.70,8.70,2.00,1.35,14.35
"1997M05",418.60,401.90,12.30,4.33,3.39,245.78,244.25,1003.29,5.40,24.20,12.40,9.40,3.00,1.16,14.74
"1997M06",405.60,388.90,12.30,4.20,3.39,244.49,246.25,966.22,4.50,23.60,12.50,9.40,3.10,1.17,15.00
"1997M07",405.30,388.60,12.30,4.15,3.34,241.51,246.25,953.48,4.30,23.20,12.40,10.20,2.20,1.04,15.00
"1997M08",395.60,378.90,12.10,4.11,3.31,239.47,246.25,922.44,3.40,23.70,10.80,9.30,1.50,1.49,15.04
"1997M09",379.90,363.30,11.50,4.24,3.44,247.21,246.25,913.45,3.40,24.60,9.60,8.50,1.10,1.56,15.11
"1997M10",384.10,367.50,11.50,4.41,3.55,253.30,244.25,946.57,3.90,25.90,9.60,8.50,1.10,0.92,15.25
"1997M11",368.90,352.20,11.00,4.51,3.56,256.26,244.25,918.70,3.90,26.10,8.40,7.30,1.10,1.64,15.33
"1997M12",387.60,370.90,11.80,4.49,3.50,253.68,244.25,956.89,4.10,24.80,11.30,9.10,2.20,1.07,15.35
"1998M01",390.90,374.20,12.10,4.45,3.45,250.94,244.25,954.57,4.60,24.70,11.50,9.70,1.80,1.24,15.35
"1998M02",351.70,335.00,10.90,4.44,3.42,249.65,244.25,852.05,4.00,21.60,9.70,8.30,1.40,0.95,15.32
"1998M03",388.20,371.60,11.00,4.44,3.42,249.65,244.25,943.17,4.00,24.30,11.40,10.00,1.40,0.78,15.42
"1998M04",395.40,378.80,11.90,4.43,3.39,249.00,244.20,958.65,4.70,23.30,11.40,9.00,2.40,0.68,15.39
"1998M05",421.40,404.70,13.30,4.30,3.37,244.99,244.20,1006.91,4.80,23.90,12.90,10.60,2.30,0.98,15.83
"1998M06",400.30,383.60,15.10,4.20,3.38,242.78,244.20,946.60,3.70,24.10,12.20,10.60,1.60,0.95,16.07
"1998M07",404.00,387.30,14.80,4.17,3.38,242.01,244.20,952.33,3.60,24.20,12.70,11.30,1.40,0.88,16.13
"1998M08",402.20,385.50,13.80,4.18,3.41,243.30,244.20,953.26,3.80,24.80,11.40,9.40,2.00,0.95,16.31
"1998M09",384.30,367.70,15.20,4.28,3.47,247.93,244.20,927.00,3.80,25.40,9.50,8.00,1.50,1.15,16.50
"1998M10",382.40,365.80,14.90,4.44,3.53,253.08,243.20,941.47,3.80,26.10,8.80,6.80,2.00,1.07,16.95
"1998M11",364.80,348.10,17.00,4.52,3.53,255.14,243.20,904.23,3.80,25.10,7.70,6.30,1.40,1.18,17.26
"1998M12",382.00,365.30,18.80,4.49,3.49,253.00,243.20,940.13,4.10,24.40,9.40,6.60,2.80,1.45,17.28
"1999M01",387.70,371.00,19.80,4.41,3.43,248.88,243.20,938.77,5.30,23.40,9.40,6.70,2.70,1.57,17.27
"1999M02",351.40,334.70,18.20,4.44,3.43,242.64,236.20,827.42,4.20,20.90,9.80,6.10,3.70,2.35,16.80
"1999M03",390.00,373.40,19.60,4.42,3.41,241.44,236.20,916.52,4.70,23.20,10.50,6.50,4.00,3.65,16.78
"1999M04",392.40,375.80,20.10,4.38,3.36,238.87,236.25,912.50,4.60,23.10,11.00,8.50,2.50,3.05,16.86
"1999M05",419.50,402.80,23.60,4.28,3.36,236.32,236.25,966.77,4.20,25.20,12.70,10.80,1.90,1.63,17.13
"1999M06",403.40,386.70,26.70,4.21,3.37,234.87,236.25,923.04,4.00,24.30,12.50,9.60,2.90,1.58,17.23
"1999M07",402.90,386.20,27.90,4.14,3.31,231.01,236.25,906.48,3.60,24.30,12.30,9.70,2.60,1.74,17.25
"1999M08",399.10,382.40,27.60,4.14,3.34,232.04,236.25,901.96,3.20,24.10,12.30,9.70,2.60,1.52,17.34
"1999M09",380.90,364.30,26.80,4.22,3.42,236.85,236.25,877.54,3.50,24.00,11.70,8.90,2.80,1.48,17.43
"1999M10",380.00,363.40,26.80,4.38,3.49,248.36,241.25,917.94,4.00,26.30,11.40,7.50,3.90,1.49,17.94
"1999M11",366.50,349.80,26.50,4.43,3.53,250.87,241.25,893.35,3.30,25.90,8.90,6.30,2.60,1.47,17.92
"1999M12",381.40,364.70,28.20,4.45,3.47,249.34,241.25,925.04,3.30,25.30,11.00,7.90,3.10,1.00,17.92
"2000M01",391.20,374.50,29.50,4.40,3.43,246.72,241.25,939.25,5.10,24.80,10.50,7.40,3.10,1.26,17.89
"2000M02",368.40,351.70,28.10,4.38,3.38,244.51,241.25,875.35,3.90,23.60,9.70,6.60,3.10,0.96,17.79
"2000M03",395.70,379.10,30.20,4.39,3.39,245.10,241.25,944.38,4.30,25.30,11.50,7.70,3.80,1.30,17.75
"2000M04",399.30,382.70,30.60,4.33,3.37,242.57,241.25,943.36,4.60,23.40,11.90,8.00,3.90,0.88,17.56
"2000M05",424.90,408.20,34.30,4.22,3.37,239.79,241.25,993.95,4.40,25.70,11.40,8.50,2.90,1.15,17.11
"2000M06",404.00,387.30,37.60,4.14,3.37,237.78,241.25,935.89,2.90,23.70,12.60,10.20,2.40,1.07,16.91
"2000M07",409.90,393.20,39.30,4.10,3.36,236.43,241.25,944.29,3.30,27.10,12.90,9.50,3.40,2.46,16.96
"2000M08",402.60,385.90,38.70,4.13,3.39,238.20,241.25,934.24,3.50,25.90,11.50,8.60,2.90,1.22,16.89
"2000M09",381.30,364.70,36.50,4.24,3.48,244.04,241.25,905.14,3.50,26.20,11.20,8.10,3.10,1.21,16.65
"2000M10",386.20,369.60,37.30,4.34,3.51,259.58,253.25,975.48,3.40,27.30,11.20,7.70,3.50,1.07,17.13
"2000M11",370.10,353.40,36.00,4.36,3.50,259.66,253.25,934.01,3.00,26.70,9.80,7.10,2.70,0.89,16.41
"2000M12",386.20,369.50,38.30,4.38,3.46,258.83,253.25,972.69,3.90,26.10,11.20,8.00,3.20,1.12,16.25
"2001M01",380.33,369.00,39.10,4.43,3.41,258.42,253.25,955.72,4.50,26.40,10.60,7.40,3.20,0.97,16.20
"2001M02",339.83,328.60,34.30,4.40,3.39,257.00,253.25,846.64,3.60,23.70,9.10,6.30,2.80,0.81,16.20
"2001M03",371.83,360.60,37.40,4.45,3.42,259.25,253.25,937.03,4.20,26.20,10.20,7.10,3.10,0.85,16.23
"2001M04",380.93,369.70,37.30,4.38,3.37,255.75,253.25,947.64,3.90,26.30,11.00,7.40,3.60,0.77,16.16
"2001M05",410.13,398.90,41.00,4.27,3.34,251.99,253.25,1007.27,4.70,27.90,12.00,8.20,3.80,1.04,15.80
"2001M06",397.63,386.40,39.20,4.19,3.35,250.31,253.25,969.29,4.20,26.20,11.90,7.70,4.20,0.68,15.60
"2001M07",401.53,390.20,39.90,4.14,3.32,248.06,253.25,969.98,4.50,25.30,12.50,8.30,4.20,0.87,15.52
"2001M08",393.33,382.10,38.60,4.15,3.34,248.97,253.25,953.40,3.30,25.90,11.40,8.70,2.70,0.94,15.47
"2001M09",369.93,358.70,36.00,4.28,3.45,255.91,253.25,920.07,3.40,26.40,9.80,6.70,3.10,1.44,15.34
"2001M10",370.93,359.70,36.30,4.38,3.51,260.40,253.25,938.83,3.20,28.50,9.70,7.00,2.70,0.66,15.01
"2001M11",359.03,347.80,35.00,4.45,3.51,262.16,253.25,913.99,3.20,27.90,9.20,6.50,2.70,0.54,14.52
"2001M12",377.43,366.20,37.00,4.45,3.49,261.50,253.25,959.80,3.90,27.00,10.50,6.60,3.90,0.49,14.56
"2002M01",387.73,376.40,38.40,4.42,3.44,259.14,253.30,977.57,5.00,27.20,9.20,5.30,3.90,1.10,14.53
"2002M02",353.93,342.70,35.30,4.34,3.38,255.14,253.30,876.50,4.30,24.00,9.60,6.20,3.40,0.80,14.55
"2002M03",388.43,377.20,38.50,4.35,3.40,256.06,253.30,967.98,4.30,27.00,10.60,7.30,3.30,1.00,14.57
"2002M04",388.03,376.80,37.40,4.34,3.37,255.66,253.30,965.46,5.30,25.90,10.30,6.20,4.10,1.20,14.75
"2002M05",409.93,398.70,39.80,4.22,3.34,251.65,253.30,1005.42,4.90,27.90,11.20,8.20,3.00,1.00,15.21
"2002M06",391.73,380.50,37.70,4.11,3.30,247.55,253.30,944.01,3.50,26.40,10.60,7.80,2.80,0.50,15.28
"2002M07",393.63,382.30,37.50,4.07,3.31,246.88,253.30,945.88,4.00,26.20,12.00,8.10,3.90,0.50,15.46
"2002M08",385.93,374.70,37.50,4.05,3.30,246.04,253.30,923.98,3.50,25.90,10.00,6.40,3.60,0.90,15.50
"2002M09",369.63,358.40,35.30,4.18,3.41,252.96,253.30,908.71,3.10,26.70,9.80,6.10,3.70,1.40,15.45
"2002M10",370.93,359.70,34.90,4.44,3.54,259.80,249.30,936.68,3.30,28.70,9.90,5.90,4.00,1.00,15.40
"2002M11",363.13,351.90,34.00,4.50,3.54,261.32,249.30,921.75,3.80,27.90,9.20,5.70,3.50,0.90,15.37
"2002M12",386.43,375.20,37.00,4.46,3.50,258.98,249.30,973.87,4.20,26.60,10.60,7.40,3.20,0.80,15.37
"2003M01",396.33,385.00,37.30,4.44,3.45,256.73,249.20,990.53,5.60,26.80,10.80,6.70,4.10,0.93,15.74
"2003M02",360.13,348.90,33.80,4.42,3.42,255.23,249.20,892.62,4.60,25.60,9.20,4.90,4.30,0.96,15.72
"2003M03",398.73,387.50,37.30,4.40,3.38,253.40,249.20,984.04,5.00,28.60,10.00,6.00,4.00,0.93,15.75
"2003M04",397.43,386.20,36.80,4.33,3.35,249.38,249.20,965.17,5.00,27.40,10.50,6.60,3.90,1.09,16.00
"2003M05",418.13,406.90,39.40,4.25,3.33,242.50,245.00,988.76,5.80,27.90,11.10,7.10,4.00,1.21,16.16
"2003M06",398.83,387.60,36.30,4.11,3.31,238.32,245.00,925.70,4.80,26.60,10.80,7.40,3.40,1.08,16.31
"2003M07",398.93,387.60,36.80,4.08,3.31,237.56,245.00,922.76,3.90,27.40,11.30,8.40,2.90,1.20,15.90
"2003M08",395.63,384.40,36.50,4.06,3.32,237.39,245.00,914.50,3.40,27.20,10.60,6.80,3.80,1.01,15.97
"2003M09",379.13,367.90,35.20,4.21,3.42,244.47,245.00,901.46,3.90,26.30,11.10,7.00,4.10,1.25,16.34
"2003M10",380.83,369.60,33.80,4.41,3.54,245.80,237.41,910.52,3.40,27.80,11.00,7.40,3.60,1.36,15.37
"2003M11",366.33,355.10,33.90,4.47,3.54,247.51,237.80,880.96,3.50,27.80,9.50,6.30,3.20,0.87,15.51
"2003M12",384.63,373.40,36.60,4.40,3.47,243.76,238.20,912.23,4.10,27.00,10.00,7.50,2.50,1.08,15.54
"2004M01",385.33,374.00,35.00,4.42,3.45,243.45,238.20,912.54,4.80,25.80,10.20,6.20,4.00,1.20,15.39
"2004M02",360.53,349.30,32.50,4.35,3.43,241.17,238.20,844.42,4.00,25.60,8.70,6.20,2.50,1.38,15.33
"2004M03",376.73,365.50,32.60,4.40,3.42,241.89,238.20,886.14,4.40,27.40,9.10,7.30,1.80,1.42,15.00
"2004M04",383.03,371.80,32.00,4.33,3.39,234.67,234.20,874.46,4.60,26.50,8.10,7.10,1.00,1.80,14.88
"2004M05",402.83,391.60,35.00,4.24,3.36,231.58,234.20,908.78,4.10,28.60,9.40,8.30,1.10,1.10,14.39
"2004M06",385.43,374.20,33.80,4.19,3.37,230.85,234.20,865.77,3.50,28.70,9.10,8.10,1.00,0.82,14.28
"2004M07",392.61,381.28,33.90,4.17,3.37,230.53,234.20,880.90,3.80,28.80,9.00,7.80,1.20,0.73,14.29
"2004M08",389.03,377.80,33.90,4.13,3.36,229.37,234.20,868.47,3.60,28.90,9.00,8.30,0.70,0.69,14.25
"2004M09",372.83,361.60,32.80,4.25,3.45,235.01,234.26,851.75,3.70,28.80,7.50,6.60,0.90,0.74,14.21
"2004M10",373.03,361.80,35.40,4.39,3.53,229.69,223.30,832.94,3.70,29.30,8.10,7.10,1.00,0.81,13.80
"2004M11",363.33,352.10,31.50,4.43,3.51,229.81,223.30,811.09,3.30,29.20,7.30,6.40,0.90,0.84,14.55
"2004M12",384.13,372.90,30.80,4.40,3.49,228.51,223.30,854.00,3.20,27.90,9.10,7.70,1.40,0.84,14.52
"2005M01",392.73,381.40,35.70,4.36,3.45,226.30,223.30,864.99,4.70,27.60,9.90,8.00,1.90,..,14.68
"2005M02",353.53,342.30,30.80,4.38,3.45,226.71,223.30,777.91,3.70,24.90,9.10,8.00,1.10,..,14.72
"2005M03",393.63,382.40,33.40,4.40,3.43,226.42,223.30,867.72,3.60,29.50,8.30,8.20,0.10,..,14.78
"2005M04",390.63,379.40,32.30,4.32,3.40,225.66,223.30,858.05,4.00,29.30,8.20,6.80,1.40,..,14.77
"2005M05",408.93,397.70,36.10,4.23,3.37,222.78,223.30,887.86,4.00,29.60,10.90,9.60,1.30,..,15.16
"2005M06",389.73,378.50,35.70,4.15,3.34,220.10,223.30,834.92,3.40,29.30,10.40,8.90,1.50,..,15.01
"2005M07",394.13,382.80,36.90,4.10,3.32,218.39,223.30,837.80,4.20,29.70,10.40,9.00,1.40,..,14.90
"2005M08",385.43,374.20,32.10,4.19,3.38,222.31,223.30,833.74,3.40,29.70,8.80,7.70,1.10,..,14.77
"2005M09",367.13,355.90,32.20,4.25,3.44,225.62,223.30,804.87,3.00,29.40,8.50,6.90,1.60,..,14.82
"2005M10",370.93,359.70,32.20,4.35,3.49,232.40,226.30,837.89,3.60,31.70,7.90,6.70,1.20,..,15.40
"2005M11",359.63,348.40,31.90,4.38,3.48,232.67,226.30,812.56,3.20,34.20,7.40,6.10,1.30,..,15.76
"2005M12",377.53,366.30,31.50,4.43,3.48,233.69,226.30,857.96,3.60,30.20,8.50,7.60,0.90,..,15.57
"2006M01",386.43,375.10,35.70,4.45,3.45,233.01,226.25,875.95,4.70,29.20,9.30,7.60,1.70,..,15.90
"2006M02",358.03,346.80,32.80,4.39,3.43,231.09,226.25,803.33,4.00,24.90,8.70,7.00,1.70,..,16.15
"2006M03",396.63,385.40,34.00,4.42,3.45,232.39,226.25,897.58,3.40,26.10,10.90,7.10,3.80,..,15.92
"2006M04",389.53,378.30,34.40,4.34,3.40,225.81,222.95,856.13,2.80,26.40,11.30,9.50,1.80,..,15.75
"2006M05",409.13,397.90,37.70,4.27,3.37,223.34,222.95,890.52,2.90,27.80,10.00,7.70,2.30,..,15.88
"2006M06",395.33,384.10,36.50,4.20,3.33,220.52,222.95,848.85,2.70,26.10,9.90,8.50,1.40,..,16.06
"2006M07",398.73,387.40,35.40,4.12,3.30,217.84,222.95,845.73,2.70,29.50,14.30,6.70,7.60,..,15.93
"2006M08",391.83,380.60,36.00,4.16,3.34,220.05,222.95,839.33,2.50,28.50,9.40,8.10,1.30,..,16.23
"2006M09",371.93,360.70,33.50,4.28,3.46,226.67,222.95,819.49,2.80,27.50,7.60,6.30,1.30,..,16.18
"2006M10",377.13,365.90,35.10,4.32,3.49,228.53,222.95,838.10,3.20,29.30,9.00,7.70,1.30,..,16.03
"2006M11",365.13,353.90,33.30,4.38,3.52,230.80,222.95,818.72,2.90,30.60,8.20,6.50,1.70,..,15.87
"2006M12",387.33,376.10,38.00,4.34,3.48,228.59,222.95,861.64,3.00,29.20,9.70,8.60,1.10,..,15.95
"2007M01",400.93,389.60,35.80,4.29,3.45,223.49,221.25,872.57,2.90,32.00,10.20,9.20,1.00,..,15.86
"2007M02",357.83,346.60,34.50,4.31,3.44,223.55,221.25,776.68,2.60,30.90,9.10,8.40,0.70,..,15.77
"2007M03",401.63,390.40,34.40,4.31,3.43,223.20,221.25,873.24,3.40,32.10,9.90,7.80,2.10,..,15.44
"2007M04",397.83,386.60,36.90,4.25,3.40,220.93,221.25,855.96,3.10,29.50,9.60,7.90,1.70,..,15.16
"2007M05",415.03,403.80,38.60,4.18,3.38,218.81,221.25,885.36,3.40,31.30,9.90,8.00,1.90,..,15.54
"2007M06",394.93,383.70,36.30,4.11,3.34,215.99,221.25,830.54,2.80,27.40,7.80,6.80,1.00,..,15.29
"2007M07",398.43,387.10,35.10,4.11,3.34,215.99,221.25,837.88,2.90,28.30,9.50,7.40,2.10,..,15.04
"2007M08",387.73,376.50,34.30,4.14,3.38,230.99,234.25,871.60,2.60,27.90,8.90,7.20,1.70,..,16.27
"2007M09",369.33,358.10,33.20,4.26,3.46,277.22,275.25,995.04,3.00,27.20,8.50,6.70,1.80,..,18.89
"2007M10",374.73,363.50,34.80,4.34,3.48,279.22,275.25,1017.29,3.40,27.10,9.40,7.70,1.70,..,17.56
"2007M11",363.83,352.60,31.80,4.41,3.49,302.89,297.25,1070.53,2.40,26.00,8.70,7.00,1.70,..,16.61
"2007M12",387.33,376.10,35.10,4.38,3.45,304.01,300.25,1145.91,3.60,26.20,10.20,8.50,1.70,..,16.44
"2008M01",395.23,383.90,39.20,4.33,3.42,301.06,296.27,1158.28,3.00,27.20,9.10,8.00,1.10,..,15.90
"2008M02",375.43,364.20,34.70,4.34,3.40,300.36,296.27,1096.41,3.40,24.10,9.10,7.20,1.90,..,15.66
"2008M03",407.83,396.60,35.80,4.34,3.41,300.86,296.27,1195.70,2.30,28.80,9.40,8.20,1.20,..,15.21
"2008M04",390.43,379.20,35.40,4.33,3.39,300.07,296.77,1140.36,3.90,26.00,9.90,8.40,1.50,..,14.72
"2008M05",413.53,402.30,38.60,4.22,3.36,295.37,296.77,1190.72,3.50,27.70,9.60,8.10,1.50,..,14.20
"2008M06",401.63,390.40,36.50,4.17,3.33,271.50,275.54,1062.21,2.90,26.80,9.30,8.20,1.10,..,12.82
"2008M07",409.93,398.60,36.40,4.15,3.33,270.96,275.54,1082.31,3.50,28.30,9.40,7.80,1.60,..,12.75
"2008M08",401.73,390.50,36.10,4.17,3.37,273.35,275.54,1069.69,3.30,28.40,9.70,7.60,2.10,..,12.80
"2008M09",376.53,365.30,33.80,4.29,3.46,274.46,269.38,1004.89,2.80,26.80,8.60,6.70,1.90,..,12.56
"2008M10",387.33,376.10,34.50,4.40,3.51,264.52,254.82,997.06,2.70,26.60,9.10,7.70,1.40,..,11.78
"2008M11",375.03,363.80,33.50,4.42,3.54,266.30,254.82,971.01,3.40,27.10,8.00,6.60,1.40,..,11.92
"2008M12",385.73,374.50,36.30,4.41,3.50,262.44,252.92,985.04,3.20,26.60,11.50,10.50,1.00,..,11.87
"2009M01",402.47,395.80,37.10,4.39,3.49,233.07,225.68,923.46,3.60,26.00,10.60,8.90,1.70,..,10.73
"2009M02",373.47,366.80,34.10,4.35,3.46,231.11,225.68,848.66,3.30,24.30,9.60,8.40,1.20,..,10.78
"2009M03",408.87,402.20,37.90,4.36,3.43,210.60,206.46,847.92,4.10,28.00,10.70,8.60,2.10,..,9.94
"2009M04",406.97,400.30,37.30,4.28,3.42,205.70,203.46,824.27,3.30,26.80,10.20,9.00,1.20,..,10.05
"2009M05",427.37,420.70,39.40,4.22,3.39,204.57,204.51,861.47,3.10,28.40,10.80,9.10,1.70,..,10.85
"2009M06",412.27,405.60,37.00,4.19,3.39,203.98,204.51,828.21,2.60,27.30,12.10,10.40,1.70,..,11.01
"2009M07",417.87,411.20,37.30,4.15,3.36,201.81,204.11,830.67,4.00,26.40,11.60,10.20,1.40,..,11.17
"2009M08",408.77,402.10,37.20,4.20,3.40,204.11,204.11,821.58,2.60,28.30,11.40,9.30,2.10,..,11.24
"2009M09",384.87,378.20,35.90,4.29,3.49,208.85,204.11,790.75,2.10,29.60,10.40,9.30,1.10,..,11.39
"2009M10",387.77,381.10,36.20,4.42,3.55,223.87,214.15,854.11,2.70,25.90,11.20,10.10,1.10,..,12.45
"2009M11",378.77,372.10,35.50,4.44,3.51,222.89,214.15,830.30,2.40,26.70,11.20,7.90,3.30,..,12.36
"2009M12",404.47,397.80,38.00,4.44,3.50,232.90,224.11,927.44,3.20,23.20,11.30,9.80,1.50,..,12.86
"2010M01",408.27,401.60,39.40,4.43,3.49,235.10,227.82,945.15,2.90,24.00,12.00,9.80,2.20,..,12.94
"2010M02",373.07,366.40,35.90,4.39,3.47,233.67,227.96,857.14,2.60,22.90,11.80,10.10,1.70,..,12.38
"2010M03",420.27,413.60,40.20,4.33,3.44,231.31,227.96,957.66,3.90,26.30,11.70,8.90,2.80,..,12.93
"2010M04",405.17,398.50,39.50,4.30,3.43,230.31,227.96,918.75,3.10,25.40,12.30,10.70,1.60,..,13.01
"2010M05",437.77,431.10,42.50,4.22,3.40,234.41,234.83,1011.50,3.10,27.90,12.90,11.00,1.90,..,13.49
"2010M06",436.97,430.30,43.00,4.13,3.36,245.42,249.51,1057.07,2.80,25.80,11.90,10.30,1.60,..,14.26
"2010M07",433.27,426.60,40.60,4.08,3.33,249.97,256.58,1067.42,3.00,25.50,11.90,9.50,2.40,..,14.61
"2010M08",425.37,418.70,39.90,4.15,3.38,253.70,256.58,1063.30,2.50,25.30,12.20,9.80,2.40,..,14.47
"2010M09",399.57,392.90,40.70,4.29,3.48,262.76,258.18,1033.48,2.30,22.30,11.70,9.00,2.70,..,14.18
"2010M10",398.37,391.70,37.80,4.38,3.54,275.07,265.56,1078.58,2.70,23.20,13.10,10.40,2.70,..,14.18
"2010M11",378.77,372.10,37.90,4.43,3.54,286.56,275.37,1067.50,2.90,22.60,11.70,8.60,3.10,..,13.70
"2010M12",392.57,385.90,39.50,4.49,3.55,288.55,275.37,1114.70,2.40,21.00,13.10,10.70,2.40,..,13.38
"2011M01",410.57,403.90,40.90,4.37,3.48,262.84,256.45,1062.69,3.20,24.40,12.10,9.90,2.20,..,12.14
"2011M02",376.87,370.20,37.20,4.35,3.46,261.47,256.45,969.06,2.50,23.00,11.70,9.10,2.60,..,11.97
"2011M03",406.17,399.50,39.50,4.34,3.48,262.08,256.45,1048.10,3.30,23.90,12.90,10.40,2.50,..,11.93
"2011M04",411.37,404.70,40.00,4.25,3.42,259.53,258.75,1051.41,3.20,23.40,12.40,9.40,3.00,..,12.05
"2011M05",432.67,426.00,42.80,4.17,3.39,266.94,269.53,1138.29,4.50,22.40,12.50,9.50,3.00,..,12.07
"2011M06",417.67,411.00,40.60,4.13,3.37,267.79,272.40,1101.75,3.00,23.70,12.20,8.30,3.90,..,12.15
"2011M07",425.47,418.80,40.20,4.13,3.37,271.50,276.12,1138.17,2.80,23.90,13.40,10.20,3.20,..,12.43
"2011M08",417.17,410.50,39.90,4.19,3.40,274.51,276.12,1128.02,2.80,23.00,12.90,9.70,3.20,..,12.58
"2011M09",392.87,386.20,37.80,4.28,3.49,268.64,263.92,1038.59,2.40,22.20,11.50,8.60,2.90,..,12.15
"2011M10",395.37,388.70,38.00,4.36,3.54,274.29,265.24,1067.31,3.10,21.50,13.10,10.30,2.80,..,12.27
"2011M11",384.97,378.30,37.10,4.39,3.57,276.41,265.24,1046.79,3.50,23.70,11.90,8.80,3.10,..,12.38
"2011M12",409.37,402.70,39.80,4.34,3.54,273.77,265.24,1103.61,2.90,19.70,13.10,10.20,2.90,..,12.48
"2012M01",422.21,415.60,41.10,4.33,3.49,281.62,274.22,1171.43,3.50,24.30,13.50,10.60,2.90,..,12.79
"2012M02",395.21,388.60,38.20,4.37,3.51,277.08,267.98,1077.73,3.80,24.00,11.50,8.40,3.10,..,12.50
"2012M03",417.81,411.20,41.30,4.30,3.46,270.33,265.21,1112.55,2.80,26.00,13.20,9.40,3.80,..,12.41
"2012M04",421.21,414.60,40.50,4.28,3.46,270.13,265.56,1120.94,3.20,26.00,13.40,10.10,3.30,..,12.22
"2012M05",443.81,437.20,43.30,4.20,3.41,263.07,262.68,1151.09,3.60,26.40,10.70,7.90,2.80,..,11.87
"2012M06",431.41,424.80,41.00,4.14,3.39,260.64,262.68,1108.15,3.40,26.90,10.30,6.90,3.40,..,11.63
"2012M07",438.81,432.20,41.30,4.12,3.40,254.35,256.50,1100.20,2.90,26.50,13.50,11.50,2.00,..,11.17
"2012M08",427.51,420.90,40.50,4.16,3.42,252.12,252.44,1062.10,3.10,25.60,12.10,8.20,3.90,..,10.57
"2012M09",398.21,391.60,37.60,4.28,3.51,258.63,252.44,1013.73,2.60,23.70,11.10,7.50,3.60,..,10.39
"2012M10",401.21,394.60,37.70,4.37,3.56,263.23,252.78,1039.63,2.90,25.10,12.40,9.40,3.00,..,10.13
"2012M11",389.21,382.60,37.10,4.39,3.57,271.44,259.74,1039.50,3.30,22.50,11.80,7.90,3.90,..,9.85
"2012M12",408.41,401.80,39.50,4.40,3.56,287.12,274.86,1154.69,3.40,25.70,12.10,8.20,3.90,..,10.19
"2013M01",421.71,415.10,41.01,4.33,3.49,275.60,269.07,1145.00,3.90,26.10,11.50,7.90,3.60,..,10.06
"2013M02",385.91,379.30,37.03,4.34,3.49,275.88,269.07,1047.42,3.70,23.00,10.80,8.10,2.70,..,9.89
"2013M03",425.81,419.20,40.73,4.35,3.51,282.05,273.99,1183.37,3.90,26.60,11.60,8.00,3.60,..,10.14
"2013M04",423.01,416.40,39.81,4.30,3.47,278.97,273.99,1162.62,3.30,27.40,11.70,8.20,3.50,..,10.12
"2013M05",450.91,444.30,42.79,4.17,3.40,282.27,284.04,1255.12,4.10,28.70,12.10,8.30,3.80,..,10.82
"2013M06",437.41,430.80,40.67,4.11,3.37,293.71,298.85,1266.36,4.00,27.40,11.20,8.30,2.90,..,11.43
"2013M07",447.01,440.40,40.90,4.11,3.37,294.32,299.47,1297.24,4.10,27.80,12.20,8.60,3.60,..,11.73
"2013M08",440.41,433.80,40.59,4.13,3.41,296.67,299.47,1288.03,2.80,27.40,11.60,7.60,4.00,..,11.95
"2013M09",414.11,407.50,38.63,4.25,3.51,312.49,306.82,1274.50,2.80,27.80,10.80,7.40,3.40,..,12.45
"2013M10",420.51,413.90,39.29,4.34,3.58,326.67,314.50,1353.26,3.10,27.20,11.90,7.00,4.90,..,12.71
"2013M11",407.21,400.60,38.56,4.36,3.60,336.01,321.89,1347.28,3.00,26.50,11.90,6.60,5.30,..,13.09
"2013M12",430.71,424.10,41.65,4.33,3.58,334.00,321.89,1417.70,4.10,27.30,11.20,6.80,4.40,..,13.11
"2014M01",439.13,432.52,42.88,4.32,3.54,326.43,319.92,1413.07,4.70,29.20,11.60,7.70,3.90,..,13.02
"2014M02",398.13,391.52,38.86,4.29,3.53,332.44,327.30,1302.79,2.80,27.50,8.90,6.80,2.10,..,13.36
"2014M03",444.07,437.46,42.84,4.24,3.50,329.22,327.30,1441.39,3.50,30.50,9.00,7.10,1.90,..,13.26
"2014M04",441.57,434.96,42.41,4.22,3.49,327.90,327.18,1427.40,3.70,33.80,9.70,7.60,2.10,..,13.24
"2014M05",463.71,457.10,44.70,4.13,3.46,312.19,316.15,1428.13,4.20,35.80,11.30,8.70,2.60,..,12.93
"2014M06",447.46,440.85,41.75,4.07,3.44,309.18,316.15,1364.14,3.60,31.50,11.00,7.00,4.00,..,12.98
"2014M07",453.81,447.20,39.64,4.05,3.40,295.89,305.20,1324.30,3.30,32.20,11.10,7.20,3.90,..,12.52
"2014M08",446.31,439.70,39.13,4.10,3.42,289.25,295.91,1272.86,3.30,31.70,11.20,6.40,4.80,..,12.40
"2014M09",416.61,410.00,37.25,4.21,3.51,285.53,284.96,1171.70,2.60,30.00,10.50,7.00,3.50,..,11.87
"2014M10",417.49,410.88,37.04,4.25,3.54,272.33,269.67,1119.91,3.10,29.00,12.60,8.80,3.80,..,11.33
"2014M11",401.91,395.30,35.59,4.31,3.56,274.88,269.67,1087.60,3.30,28.20,10.80,7.40,3.40,..,11.33
"2014M12",420.89,414.28,37.67,4.34,3.57,260.88,254.99,1081.70,4.80,29.70,11.60,7.70,3.90,..,10.74
"2015M01",430.76,424.20,38.13,4.30,3.53,239.68,236.24,1017.46,4.00,31.10,11.40,8.00,3.40,..,10.10
"2015M02",392.36,385.80,34.21,4.31,3.53,240.42,236.74,928.29,3.20,29.00,9.30,6.20,3.10,..,9.98
"2015M03",438.46,431.90,38.12,4.27,3.53,242.35,239.63,1047.45,3.70,28.10,9.70,6.40,3.30,..,10.10
"2015M04",440.66,434.10,37.70,4.24,3.51,253.09,251.57,1099.43,3.90,31.90,10.40,7.90,2.50,..,10.60
"2015M05",467.16,460.60,40.31,4.15,3.46,248.82,251.47,1146.82,3.80,34.70,11.10,8.30,2.80,..,10.73
"2015M06",459.96,453.40,39.07,4.11,3.44,237.32,241.76,1076.76,3.70,33.00,11.30,8.40,2.90,..,10.34
"2015M07",475.86,469.30,39.86,4.09,3.41,233.99,239.93,1098.86,3.60,33.90,10.70,7.90,2.80,..,10.23
"2015M08",468.86,462.30,39.55,4.11,3.44,228.08,232.44,1055.10,2.90,34.20,9.20,6.70,2.50,..,9.95
"2015M09",442.26,435.70,36.82,4.20,3.52,234.41,233.93,1022.06,3.30,32.20,9.20,6.40,2.80,..,10.10
"2015M10",447.36,440.80,40.38,4.32,3.60,245.68,239.46,1083.74,3.80,34.60,9.30,7.50,1.80,..,10.22
"2015M11",434.36,427.80,39.58,4.34,3.58,245.52,239.52,1051.08,3.80,33.50,10.50,7.30,3.20,..,10.22
"2015M12",458.26,451.70,42.61,4.48,3.55,247.79,239.56,1120.02,4.50,33.30,11.40,8.40,3.00,..,10.28
"2016M01",461.56,455.00,43.44,4.44,3.57,252.31,240.63,1148.80,4.70,35.10,10.10,7.90,2.20,..,10.32
"2016M02",438.56,432.00,42.39,4.41,3.54,247.46,237.71,1069.77,4.50,36.80,10.90,7.20,3.70,..,10.18
"2016M03",471.38,464.82,44.57,4.42,3.54,240.73,230.93,1119.71,5.40,42.20,12.10,6.80,5.30,..,9.99
"2016M04",460.55,453.99,43.43,4.39,3.53,233.28,224.78,1059.76,4.90,35.90,10.50,6.60,3.90,..,9.93
"2016M05",482.27,475.71,45.69,4.29,3.49,221.92,217.10,1056.39,5.50,37.60,10.20,7.30,2.90,..,9.58
"2016M06",465.95,459.39,43.34,4.16,3.41,207.00,207.47,951.59,4.80,35.30,11.50,7.90,3.60,..,9.20
"2016M07",473.56,467.00,43.60,4.17,3.43,207.78,207.43,970.97,5.50,35.90,9.10,6.00,3.10,..,9.25
"2016M08",464.56,458.00,43.36,4.22,3.46,209.80,207.53,961.54,4.40,36.50,10.70,8.10,2.60,..,9.29
"2016M09",433.92,427.36,41.41,4.26,3.52,221.02,215.84,945.23,4.20,33.90,9.20,6.70,2.50,..,9.69
"2016M10",435.44,428.88,41.02,4.42,3.64,244.45,231.13,1049.16,3.80,35.10,9.50,6.00,3.50,..,9.21
"2016M11",419.25,412.69,40.06,4.48,3.69,263.42,245.91,1087.95,4.20,35.40,11.20,5.20,6.00,..,9.80
"2016M12",448.01,441.45,43.82,4.39,3.64,274.32,259.95,1211.83,4.40,28.30,11.00,6.50,4.50,..,11.59
"2017M01",460.90,454.34,47.80,4.35,3.61,287.51,274.67,1307.15,6.90,38.90,11.00,6.70,4.30,..,12.19
"2017M02",423.89,417.33,45.30,4.35,3.61,294.54,281.34,1230.11,4.20,34.70,10.50,7.20,3.30,..,12.06
"2017M03",473.04,466.48,50.50,4.30,3.58,295.06,284.64,1377.30,4.80,37.20,11.40,7.30,4.10,..,12.58
"2017M04",462.63,456.07,49.50,4.28,3.58,285.36,275.83,1302.30,5.90,36.60,11.50,8.00,3.50,..,12.14
"2017M05",488.61,482.05,51.30,4.21,3.52,273.66,268.69,1320.00,5.70,39.00,11.90,8.10,3.80,..,11.79
"2017M06",475.89,469.33,50.10,4.21,3.48,273.75,270.32,1285.62,4.30,37.90,10.90,6.80,4.10,..,11.92
"2017M07",484.58,478.02,49.40,4.12,3.48,282.92,281.98,1353.29,4.30,38.20,11.30,6.40,4.90,..,12.42
"2017M08",477.85,471.29,49.30,4.16,3.51,291.85,288.42,1376.36,3.40,37.30,8.00,3.40,4.60,..,12.77
"2017M09",453.63,447.07,48.20,4.23,3.58,304.52,295.80,1362.33,3.90,37.50,12.30,7.60,4.70,..,13.03
"2017M10",459.97,453.41,49.40,4.27,3.62,312.13,300.24,1416.17,4.00,38.70,12.70,7.70,5.00,..,13.26
"2017M11",444.95,438.39,49.20,4.36,3.66,316.72,300.24,1389.44,4.20,37.20,11.00,8.10,2.90,..,13.26
"2017M12",466.96,460.40,54.00,4.38,3.65,316.91,300.24,1460.02,5.40,36.70,11.50,7.30,4.20,..,13.13
"2018M01",478.45,471.89,56.30,4.35,3.61,304.29,291.61,1436.84,5.00,35.10,11.10,6.00,5.10,..,12.75
"2018M02",434.70,428.14,54.50,4.36,3.62,291.78,279.06,1250.15,6.90,34.00,10.20,5.30,4.90,..,12.21
"2018M03",477.27,470.71,56.70,4.38,3.62,277.09,264.61,1305.16,5.30,39.60,11.20,5.80,5.40,..,11.52
"2018M04",472.60,466.04,58.00,4.28,3.56,269.88,262.36,1258.58,7.00,37.10,11.60,6.60,5.00,..,11.35
"2018M05",501.19,494.63,59.50,4.12,3.48,257.35,257.12,1273.76,7.80,40.00,12.80,7.80,5.00,..,11.16
"2018M06",488.00,481.44,58.50,4.04,3.42,260.57,264.70,1255.29,6.00,38.70,10.90,6.00,4.90,..,11.53
"2018M07",497.78,491.22,58.50,4.04,3.44,273.71,277.35,1345.38,6.40,39.00,11.80,6.40,5.40,..,12.06
"2018M08",487.31,480.75,57.20,4.04,3.46,277.97,280.99,1337.22,5.20,38.70,9.70,5.20,4.50,..,12.30
"2018M09",461.74,455.18,56.50,4.20,3.59,288.10,281.38,1312.30,4.80,36.40,10.50,4.80,5.70,..,12.44
"2018M10",467.07,460.51,58.40,4.33,3.67,310.01,295.88,1428.60,6.70,38.00,11.20,6.20,5.00,..,13.04
"2018M11",452.16,445.60,56.00,4.41,3.70,313.98,296.11,1400.05,4.70,37.20,9.60,4.70,4.90,..,13.05
"2018M12",475.66,469.10,59.50,4.40,3.67,306.22,290.16,1437.45,7.10,37.80,11.50,6.50,4.40,..,12.73
"2019M01",486.55,479.99,62.40,4.37,3.49,277.19,268.64,1331.35,6.70,38.70,11.70,6.20,5.50,..,11.43
"2019M02",444.23,437.67,56.50,4.41,3.67,284.20,268.56,1244.75,5.60,36.30,10.20,5.10,5.10,..,11.35
"2019M03",491.88,485.32,62.10,4.40,3.68,284.38,268.67,1381.05,6.30,38.60,11.60,5.90,5.70,..,11.24
"2019M04",479.44,472.88,60.40,4.37,3.62,281.14,268.24,1330.31,8.30,37.80,11.40,7.10,4.30,..,11.35
"2019M05",497.79,491.23,61.80,4.27,3.58,276.50,268.12,1359.07,8.90,40.30,11.90,7.20,4.70,..,11.42
"2019M06",480.41,473.85,58.80,4.20,3.48,270.97,268.04,1284.84,7.20,37.40,11.50,6.90,4.60,..,11.38
"2019M07",492.96,486.40,59.30,4.18,3.44,267.73,267.30,1303.07,5.70,39.60,11.60,6.80,4.80,..,11.37
"2019M08",483.31,476.75,58.60,4.17,3.50,269.98,267.55,1287.97,5.60,39.10,11.60,6.90,4.70,..,11.54
"2019M09",457.36,450.80,55.70,4.29,3.60,276.96,267.47,1249.37,6.00,35.60,10.90,7.50,3.40,..,11.54
"2019M10",461.36,454.80,56.50,4.41,3.67,282.83,267.15,1287.17,4.70,39.60,10.00,5.10,4.90,..,11.60
"2019M11",445.96,439.40,55.90,4.43,3.70,284.90,267.39,1252.73,4.40,37.60,9.10,6.00,3.10,..,11.61
"2019M12",472.16,465.60,60.40,4.37,3.67,282.45,267.67,1315.95,5.30,36.80,10.30,6.40,3.90,..,11.62
"2020M01",485.26,478.76,62.58,4.34,3.65,288.06,275.08,1379.85,7.10,39.80,11.30,6.70,4.60,..,11.83
"2020M02",458.28,451.78,58.85,4.37,3.62,287.81,275.15,1301.01,6.10,35.80,11.30,6.70,4.60,..,11.90
"2020M03",488.09,481.59,62.50,4.38,3.64,295.23,280.82,1422.56,5.10,38.80,11.30,6.00,5.30,..,10.23
"2020M04",477.24,470.74,61.00,4.33,3.65,293.71,280.52,1383.35,6.40,38.80,11.60,6.10,5.50,..,9.95
"2020M05",498.30,491.79,62.93,4.25,3.59,281.30,273.03,1384.15,6.30,38.80,11.30,6.80,4.50,..,9.55
"2020M06",481.34,474.84,59.79,4.14,3.52,273.62,271.36,1299.95,5.80,39.20,9.40,5.30,4.10,..,9.50
"2020M07",498.68,492.18,60.86,4.14,3.54,268.18,265.19,1320.59,7.20,40.80,9.10,5.80,3.30,..,9.37
"2020M08",487.41,480.91,60.37,4.14,3.50,266.88,265.44,1284.10,6.90,39.90,8.70,5.30,3.40,..,9.17
"2020M09",466.76,460.26,58.35,4.24,3.64,274.90,265.57,1265.92,5.00,38.70,8.90,4.90,4.00,..,9.45
"2020M10",470.27,463.77,59.81,4.37,3.70,284.44,269.44,1319.85,5.00,40.40,8.40,4.00,4.40,..,9.47
"2020M11",453.05,446.55,57.86,4.45,3.71,294.97,276.92,1317.94,5.70,38.20,8.30,4.70,3.60,..,9.61
"2020M12",479.83,473.33,62.82,4.43,3.69,294.42,277.47,1394.29,6.10,38.50,10.30,6.90,3.40,..,9.58
"2021M01",483.22,476.72,66.40,4.45,3.69,288.48,271.19,1375.98,7.00,38.50,9.80,6.90,2.90,..,9.25
"2021M02",435.77,429.27,58.50,4.46,3.69,288.62,270.99,1239.68,5.50,36.20,8.20,5.40,2.80,..,9.38
"2021M03",488.73,482.23,65.50,4.40,3.66,289.30,274.59,1395.83,6.50,42.70,10.20,6.20,4.00,..,9.19
"2021M04",479.37,472.87,63.80,4.39,3.62,301.52,287.30,1426.56,8.40,39.10,9.80,5.80,4.00,..,9.97
"2021M05",499.16,492.66,65.90,4.27,3.60,308.48,298.17,1520.52,10.10,39.90,9.90,6.20,3.70,..,10.01
"2021M06",483.40,476.90,62.60,4.14,3.49,300.98,298.83,1436.13,7.60,37.60,9.90,5.80,4.10,..,10.04
"2021M07",499.13,492.63,63.20,4.07,3.47,297.87,298.72,1468.14,7.00,37.00,11.00,7.30,3.70,..,9.95
"2021M08",494.73,488.23,62.70,4.17,3.53,303.21,298.64,1481.13,7.40,37.10,10.40,7.20,3.20,..,9.58
"2021M09",465.10,458.60,59.40,4.25,3.63,302.14,291.50,1386.40,5.50,35.80,9.60,6.30,3.30,..,9.71
"2021M10",469.59,463.09,60.00,4.38,3.68,312.47,295.66,1447.80,5.00,36.70,8.20,5.10,3.10,..,9.73
"2021M11",452.09,445.59,57.60,4.48,3.71,324.77,303.06,1447.94,5.50,36.70,8.60,5.30,3.30,..,9.64
"2021M12",471.56,465.06,60.30,4.49,3.72,351.49,327.36,1635.53,6.00,37.20,9.90,6.80,3.10,..,10.29
"2022M01",484.03,477.53,63.20,4.39,3.66,363.95,345.66,1738.91,6.40,38.10,10.10,6.90,3.20,..,10.12
"2022M02",444.68,438.18,57.70,4.39,3.65,358.42,340.67,1571.44,9.40,32.60,9.10,6.20,2.90,..,10.02
"2022M03",492.31,485.81,62.30,4.39,3.66,374.39,354.97,1819.75,6.60,38.20,9.10,5.70,3.40,..,10.35
"2022M04",477.26,470.76,61.70,4.39,3.65,378.29,359.30,1781.80,8.00,38.10,8.40,5.20,3.20,..,10.04
"2022M05",499.18,492.68,64.10,4.26,3.56,397.66,386.77,1960.20,9.90,39.20,9.00,6.00,3.00,..,10.18
"2022M06",486.02,479.52,60.80,4.17,3.52,429.06,423.24,2058.53,7.90,39.10,8.40,5.20,3.20,..,11.74
"2022M07",500.38,493.88,60.20,4.17,3.52,443.97,438.11,2193.82,5.70,39.50,8.30,5.00,3.30,..,11.59
"2022M08",491.36,484.86,61.40,4.18,3.53,452.68,446.03,2196.02,7.30,40.00,8.70,5.30,3.40,..,11.02
"2022M09",466.27,459.77,58.30,4.28,3.64,464.60,446.05,2137.26,4.50,38.90,7.70,4.20,3.50,..,10.36
"2022M10",469.95,463.45,59.50,4.40,3.71,481.11,452.30,2230.94,5.60,42.50,8.70,5.50,3.20,..,10.49
"2022M11",456.35,449.85,58.40,4.44,3.72,495.43,463.52,2229.95,5.30,40.50,7.10,4.50,2.60,..,10.51
"2022M12",474.19,467.69,60.00,4.57,3.76,503.96,463.37,2358.22,8.50,41.00,7.70,4.10,3.60,..,10.71
"2023M01",488.81,482.31,61.80,4.45,3.68,493.46,464.21,2381.26,12.70,41.20,7.50,4.10,3.40,..,10.61
"2023M02",448.91,442.41,55.90,4.45,3.68,469.68,441.95,2079.11,10.40,36.80,6.60,3.80,2.80,..,10.39
"2023M03",494.99,488.49,60.50,4.45,3.69,438.08,411.86,2141.09,8.20,42.80,7.30,4.40,2.90,..,9.54
"2023M04",485.13,478.63,60.50,4.39,3.68,387.23,367.02,1854.39,9.60,40.70,8.10,5.40,2.70,..,8.52
"2023M05",506.82,500.32,61.70,4.29,3.65,358.42,344.60,1794.14,8.20,44.30,7.10,5.10,2.00,..,8.34
"2023M06",490.80,484.30,58.00,4.19,3.55,335.09,329.50,1623.69,7.80,43.00,6.70,4.40,2.30,..,7.88
"2023M07",504.79,498.29,58.40,4.17,3.54,322.25,317.95,1606.53,8.80,41.70,11.50,8.60,2.90,..,7.72
"2023M08",493.89,487.39,56.80,4.24,3.61,327.27,317.88,1595.91,7.30,41.30,7.00,4.80,2.20,..,7.92
"2023M09",463.48,456.98,53.30,4.28,3.64,329.81,317.89,1507.99,5.90,38.90,5.70,3.40,2.30,..,8.39
"2023M10",468.79,462.29,55.10,4.45,3.74,338.69,317.14,1566.60,5.30,42.90,5.90,3.20,2.70,..,8.71
"2023M11",449.43,442.93,53.10,4.60,3.79,345.85,317.22,1532.74,4.50,41.80,5.50,3.40,2.10,..,8.56
"2023M12",467.65,461.15,56.20,4.55,3.70,348.89,324.78,1609.77,7.10,41.30,7.10,4.10,3.00,..,8.91
"2024M01",478.70,472.20,57.60,4.58,3.73,383.14,354.59,1810.14,10.50,41.80,7.10,4.00,3.10,..,9.89
"2024M02",461.50,455.00,54.90,4.46,3.70,376.80,354.46,1715.38,7.00,41.50,6.70,3.70,3.00,..,9.88
"2024M03",495.20,488.70,58.60,4.44,3.70,383.74,361.74,1876.31,7.90,43.40,7.10,3.80,3.30,..,10.51
"2024M04",483.40,476.90,53.80,4.60,3.68,388.53,360.48,1853.86,9.30,45.70,6.40,3.90,2.50,..,10.40
"2024M05",509.30,502.80,56.50,4.28,3.62,375.96,363.87,1891.26,10.40,43.50,8.50,5.40,3.10,..,10.67
"2024M06",494.80,488.30,53.80,4.22,3.55,374.15,367.34,1827.92,8.80,44.50,7.20,3.70,3.50,..,10.43
"2024M07",501.00,494.50,53.80,4.21,3.55,382.57,376.05,1892.76,7.20,45.50,7.00,3.90,3.10,..,10.60
"2024M08",493.40,486.90,51.00,4.24,3.61,389.34,378.94,1896.68,5.00,43.80,7.00,4.80,2.20,..,11.03
"2024M09",457.90,451.40,46.80,4.27,3.60,397.80,386.21,1796.69,5.40,41.10,6.10,4.20,1.90,..,11.11
"2024M10",467.10,460.60,49.10,4.55,3.76,433.62,401.03,1998.35,4.90,43.80,6.50,4.00,2.50,..,11.81
"2024M11",452.70,446.20,47.80,4.63,3.78,462.57,422.98,2065.17,4.60,41.30,7.30,4.50,2.80,..,12.16
"2024M12",472.60,466.10,51.30,4.64,3.77,472.82,432.31,2205.02,6.70,42.00,6.20,3.90,2.30,..,12.76
"2025M01",483.85,477.40,51.70,4.63,3.75,472.57,433.39,2256.97,11.00,42.30,6.50,4.50,2.00,..,12.92
"2025M02",440.75,434.30,47.00,4.65,3.75,473.66,433.38,2058.05,8.40,41.40,6.30,4.30,2.00,..,13.39
"2025M03",492.65,486.20,52.10,4.62,3.74,471.42,433.24,2292.96,7.60,44.30,7.40,4.90,2.50,..,13.29
"2025M04",487.45,481.00,49.30,4.54,3.70,465.53,433.48,2240.10,9.30,44.30,6.50,3.40,3.10,..,10.13
"2025M05",516.65,510.20,51.20,4.43,3.67,457.83,433.20,2336.76,10.10,46.90,7.60,3.80,3.80,..,13.51
"2025M06",500.75,494.30,48.00,4.34,3.60,449.33,432.77,2221.93,8.70,44.80,6.80,4.00,2.80,..,13.46
"2025M07",507.25,500.80,48.10,4.32,3.57,447.54,433.39,2242.17,8.80,44.50,7.40,4.70,2.70,..,13.66
"2025M08",504.15,497.70,48.60,4.37,3.63,453.18,433.60,2256.36,7.80,43.00,7.10,4.20,2.90,..,13.68
"2025M09",475.25,468.80,45.40,4.45,3.67,453.71,428.35,2127.89,7.20,41.90,7.40,4.00,3.40,..,13.79
"2025M10",478.25,471.80,46.40,4.59,3.76,452.75,417.07,2136.96,7.89,43.20,7.60,3.90,3.70,..,13.45
"2025M11",457.85,451.40,44.90,4.73,3.85,443.80,399.44,2004.20,6.10,41.80,7.30,3.30,4.00,..,12.78
"2025M12",487.45,481.00,49.60,4.64,3.83,416.60,376.71,2004.69,8.20,46.10,7.30,3.70,3.60,..,12.33

